word,frequency,topic_id
trump,14152,1
donald,4603,1
president,3643,1
say,3427,1
republican,3007,1
state,2693,1
new,2608,1
said,2566,1
gop,2537,1
clinton,2468,1
house,2317,1 
one,1985,1
obama,1935,1
people,1931,1
american,1871,1
would,1824,1
white,1726,1
hillary,1726,1
democrat,1651,1
campaign,1569,1
year,1553,1
could,1536,1
court,1504,1
time,1466,1
want,1444,1
election,1441,1
bill,1436,1
get,1404,1
day,1396,1
right,1384,1
senate,1302,1
like,1240,1
former,1199,1
news,1170,1
law,1166,1
voter,1165,1
democratic,1155,1
first,1142,1
sander,1140,1
make,1126,1
candidate,1119,1
health,1093,1
woman,1082,1
senator,1074,1
america,1071,1
vote,1056,1
party,1029,1
presidential,1005,1
care,994,1
need,991,1
know,982,1
plan,965,1
may,960,1
back,949,1
gun,949,1
week,945,1
congress,940,1
call,929,1
still,913,1
bernie,912,1
political,883,1
think,881,1
tax,872,1
supreme,869,1
change,838,1
country,837,1
war,836,1
even,834,1
take,821,1
administration,819,1
federal,817,1
help,789,1
huffpost,789,1
email,784,1
government,783,1
national,773,1
debate,773,1
way,767,1
u,757,1
last,757,1
justice,752,1
policy,750,1
report,749,1
group,748,1
show,746,1
leader,744,1
morning,737,1
attack,727,1
million,715,1
official,710,1
support,703,1
many,692,1
biden,688,1
big,687,1
go,686,1
come,676,1
nominee,676,1
climate,675,1
also,674,1
two,670,1
public,660,1
win,651,1
john,647,1
secretary,636,1
thing,630,1
security,628,1
ban,628,1
police,627,1
governor,624,1
lawmaker,622,1
claim,616,1
russia,615,1
school,611,1
world,609,1
life,607,1
much,607,1
race,605,1
deal,602,1
really,596,1
good,595,1
cruz,587,1
paul,585,1
washington,581,1
fight,577,1
judge,577,1
going,574,1
question,572,1
obamacare,572,1
wo,571,1
poll,565,1
case,564,1
family,558,1
issue,557,1
city,547,1
rise,534,1
another,534,1
end,531,1
made,529,1
stop,529,1
top,525,1
death,520,1
department,520,1
child,518,1
look,517,1
work,517,1
general,512,1
primary,511,1
conservative,511,1
shooting,509,1
nation,504,1
face,499,1
job,495,1
month,492,1
immigration,492,1
give,490,1
attorney,484,1
york,479,1
office,477,1
texas,474,1
medium,474,1
money,473,1
every,473,1
joe,471,1
ryan,469,1
tell,467,1
let,467,1
man,466,1
order,464,1
see,464,1
called,463,1
rule,462,1
ted,462,1
twitter,461,1
black,460,1
fbi,459,1
next,458,1
student,457,1
speech,456,1
keep,452,1
since,447,1
history,439,1
start,439,1
politics,433,1
bush,432,1
cut,432,1
violence,430,1
supporter,428,1
united,428,1
rubio,428,1
problem,426,1
committee,425,1
never,425,1
california,416,1
must,415,1
voting,414,1
ca,413,1
action,413,1
north,411,1
run,409,1
muslim,408,1
act,406,1
got,405,1
point,400,1
decision,399,1
chief,396,1
told,392,1
immigrant,390,1
russian,389,1
lawyer,385,1
without,385,1
member,384,1
tweet,383,1
real,383,1
long,380,1
move,380,1
might,379,1
investigation,376,1
reform,374,1
pick,374,1
whether,372,1
sign,372,1
getting,371,1
crisis,371,1
talk,371,1
hill,371,1
better,370,1
latest,366,1
wall,365,1
put,364,1
abortion,363,1
part,360,1
florida,360,1
use,359,1
progressive,359,1
friday,358,1
find,358,1
power,358,1
threat,357,1
pay,355,1
military,354,1
lot,354,1
matter,353,1
lead,351,1
effort,350,1
story,345,1
mike,345,1
business,344,1
congressman,343,1
company,342,1
yet,340,1
system,339,1
sexual,339,1
tuesday,337,1
probe,336,1
trying,335,1
ad,334,1
already,332,1
making,331,1
legal,329,1
mean,329,1
rally,328,1
comment,327,1
director,325,1
control,324,1
well,323,1
reportedly,322,1
worker,322,1
gov,321,1
program,320,1
today,316,1
major,314,1
future,314,1
something,313,1
hope,313,1
community,313,1
social,312,1
repeal,312,1
marco,312,1
stand,311,1
set,310,1
congressional,310,1
number,310,1
read,310,1
protest,309,1
idea,309,1
comey,309,1
force,308,1
fox,308,1
union,308,1
believe,308,1
press,308,1
actually,304,1
carolina,304,1
meeting,303,1
great,302,1
session,301,1
service,300,1
special,300,1
short,300,1
drug,300,1
percent,300,1
running,297,1
used,297,1
three,297,1
home,296,1
open,296,1
bad,295,1
civil,295,1
record,294,1
wrong,294,1
far,292,1
past,292,1
foreign,292,1
scott,291,1
response,291,1
likely,290,1
water,288,1
welcome,288,1
ever,287,1
convention,286,1
michael,285,1
push,284,1
iowa,283,1
iran,283,1
place,282,1
executive,281,1
around,280,1
penny,279,1
talking,278,1
working,278,1
mayor,276,1
planned,276,1
love,276,1
little,275,1
word,274,1
behind,273,1
video,272,1
le,272,1
virginia,272,1
least,270,1
protester,269,1
asked,269,1
budget,269,1
presidency,269,1
key,268,1
team,268,1
best,268,1
away,268,1
activist,268,1
agency,267,1
enough,267,1
border,267,1
warren,267,1
left,265,1
reason,265,1
name,263,1
event,263,1
adviser,261,1
huffpollster,260,1
despite,258,1
nomination,258,1
jeff,257,1
speaker,257,1
hearing,255,1
politician,254,1
victory,253,1
ago,252,1
challenge,251,1
james,251,1
become,251,1
fear,250,1
monday,246,1
nuclear,246,1
post,245,1
college,245,1
important,245,1
recent,245,1
officer,244,1
hit,244,1
turn,244,1
travel,243,1
kid,243,1
refugee,242,1
block,242,1
accused,242,1
second,241,1
among,241,1
access,240,1
charge,240,1
nothing,240,1
barack,240,1
fraud,239,1
mcconnell,238,1
moment,237,1
protect,237,1
mueller,237,1
victim,236,1
watch,236,1
jeb,236,1
taking,235,1
nearly,235,1
prison,235,1
chris,234,1
fact,234,1
head,233,1
crime,233,1
moore,233,1
aide,232,1
street,232,1
try,232,1
south,232,1
promise,232,1
thursday,231,1
free,231,1
step,230,1
message,230,1
saying,230,1
high,230,1
elizabeth,229,1
release,229,1
economic,229,1
education,229,1
hate,229,1
line,228,1
march,228,1
defense,227,1
clear,227,1
letter,227,1
funding,226,1
lie,226,1
fire,224,1
democracy,224,1
hold,224,1
newsbrief,224,1
assault,223,1
wednesday,222,1
took,221,1
lawsuit,221,1
amid,221,1
meet,221,1
racist,221,1
steve,220,1
cost,220,1
capitol,219,1
private,219,1
hard,219,1
parenthood,218,1
citizen,218,1
epa,218,1
close,217,1
men,215,1
freedom,215,1
live,214,1
spending,214,1
mark,212,1
robert,212,1
reporter,212,1
trade,212,1
movement,211,1
finally,211,1
majority,211,1
sure,210,1
result,210,1
ahead,210,1
night,210,1
interest,209,1
human,208,1
criminal,207,1
intelligence,207,1
thousand,206,1
early,206,1
teacher,205,1
georgia,205,1
ohio,205,1
battle,205,1
allegation,204,1
address,204,1
calling,204,1
side,204,1
role,203,1
cnn,203,1
lost,202,1
across,202,1
veteran,202,1
mass,202,1
break,202,1
super,202,1
caucus,202,1
vice,201,1
young,201,1
legislation,201,1
iraq,201,1
using,200,1
critic,200,1
everyone,200,1
staff,199,1
alabama,199,1
evidence,199,1
decade,198,1
protection,198,1
life,3977,2
health,2922,2
time,2730,2
one,2672,2
people,2614,2
way,2490,2
new,2228,2
u,2176,2
study,2148,2
day,2134,2
make,2100,2
year,1910,2
get,1902,2
may,1765,2
thing,1756,2
like,1676,2
sleep,1613,2
cancer,1597,2
need,1559,2
help,1533,2
could,1521,2
know,1514,2
food,1472,2
take,1439,2
love,1351,2
many,1343,2
good,1302,2
find,1272,2
want,1248,2
weight,1243,2
healthy,1233,2
work,1222,2
even,1181,2
feel,1172,2
heart,1109,2
change,1106,2
say,1049,2
body,1040,2
stress,1021,2
world,993,2
woman,990,2
better,978,2
risk,974,2
go,970,2
come,966,2
think,940,2
care,930,2
would,927,2
much,922,2
disease,887,2
best,871,2
first,851,2
also,838,2
patient,820,2
yoga,808,2
really,807,2
every,795,2
part,784,2
exercise,772,2
something,764,2
back,758,2
fear,739,2
living,723,2
mind,719,2
brain,716,2
let,716,2
see,707,2
right,706,2
relationship,704,2
eating,689,2
others,678,2
feeling,671,2
experience,667,2
meditation,666,2
drug,664,2
keep,660,2
tip,655,2
diet,655,2
workout,650,2
problem,649,2
mental,644,2
often,636,2
never,635,2
child,635,2
live,634,2
practice,634,2
found,634,2
might,628,2
thought,628,2
loss,626,2
researcher,621,2
moment,619,2
week,612,2
lost,610,2
mean,609,2
doctor,606,2
show,603,2
step,600,2
going,599,2
important,594,2
american,587,2
person,580,2
look,579,2
still,574,2
family,569,2
well,565,2
eat,562,2
gps,560,2
give,559,2
reason,556,2
happiness,553,2
two,548,2
without,547,2
holiday,546,2
always,540,2
become,539,2
start,537,2
little,536,2
research,536,2
video,530,2
making,529,2
getting,526,2
great,524,2
said,523,2
around,520,2
use,508,2
death,508,2
sometimes,508,2
medical,507,2
friend,503,2
long,503,2
benefit,502,2
power,499,2
last,497,2
someone,495,2
treatment,489,2
le,489,2
ever,485,2
guide,484,2
stop,484,2
today,483,2
month,481,2
habit,469,2
state,467,2
simple,466,2
human,464,2
story,464,2
matter,461,2
question,458,2
pain,457,2
pound,457,2
fitness,453,2
try,446,2
happy,439,2
goal,432,2
place,430,2
learn,430,2
bad,426,2
enough,423,2
ca,423,2
choice,421,2
common,419,2
another,417,2
linked,416,2
easy,411,2
challenge,411,2
success,411,2
actually,409,2
word,408,2
end,405,2
whether,400,2
different,397,2
lot,395,2
medicine,392,2
finding,391,2
kid,390,2
home,389,2
percent,387,2
age,387,2
made,386,2
cause,384,2
three,384,2
share,381,2
hard,380,2
big,379,2
effect,378,2
next,377,2
fact,377,2
taking,376,2
move,375,2
away,373,2
past,371,2
believe,371,2
real,370,2
night,368,2
TRUE,368,2
tell,364,2
dream,364,2
personal,364,2
face,363,2
top,362,2
control,361,2
men,360,2
case,359,2
must,359,2
course,357,2
turn,357,2
put,356,2
fat,355,2
depression,354,2
high,352,2
school,351,2
truth,349,2
season,348,2
everyone,348,2
soul,347,2
disorder,343,2
energy,340,2
illness,338,2
daily,338,2
lose,336,2
according,335,2
adult,335,2
breast,333,2
instead,332,2
positive,330,2
learned,329,2
level,328,2
likely,328,2
news,327,2
everything,327,2
mindfulness,325,2
focus,325,2
hope,324,2
lesson,323,2
lead,322,2
point,321,2
talk,321,2
idea,320,2
result,319,2
obesity,319,2
stay,317,2
got,316,2
attention,315,2
expert,314,2
summer,314,2
blood,312,2
key,312,2
anxiety,311,2
present,311,2
resolution,308,2
yet,308,2
create,304,2
working,303,2
social,302,2
awareness,300,2
able,299,2
kind,298,2
small,298,2
future,297,2
sense,296,2
job,295,2
used,295,2
five,294,2
emotional,294,2
suggests,294,2
ask,293,2
joy,292,2
process,291,2
thinking,289,2
physical,286,2
affect,286,2
hour,284,2
number,283,2
since,281,2
running,281,2
possible,279,2
public,279,2
issue,276,2
mother,276,2
system,276,2
nothing,276,2
young,276,2
remember,275,2
light,274,2
secret,274,2
nutrition,274,2
run,273,2
action,272,2
diabetes,272,2
anything,272,2
calorie,272,2
call,267,2
however,267,2
support,266,2
whole,265,2
trying,264,2
sugar,264,2
condition,263,2
side,263,2
report,262,2
self,262,2
morning,261,2
healthier,261,2
addiction,261,2
wrong,261,2
understand,261,2
decision,261,2
improve,260,2
old,260,2
published,260,2
minute,259,2
fall,259,2
rather,259,2
inner,259,2
answer,257,2
open,257,2
type,256,2
sure,256,2
training,254,2
list,253,2
music,250,2
act,249,2
longer,249,2
photo,249,2
far,249,2
perfect,248,2
opportunity,248,2
within,247,2
avoid,246,2
test,243,2
drink,243,2
hospital,243,2
click,243,2
form,242,2
journal,242,2
million,241,2
read,241,2
set,240,2
bring,239,2
flu,239,2
science,239,2
money,237,2
fit,237,2
together,236,2
activity,236,2
balance,236,2
break,235,2
emotion,234,2
choose,234,2
plan,232,2
looking,232,2
journey,232,2
least,231,2
behavior,230,2
therapy,230,2
begin,230,2
eye,229,2
america,229,2
fda,229,2
difference,228,2
national,227,2
full,227,2
simply,227,2
symptom,226,2
gift,226,2
seems,226,2
though,225,2
done,224,2
increase,224,2
spiritual,223,2
lower,222,2
fight,222,2
powerful,222,2
among,221,2
connected,221,2
book,220,2
hold,220,2
dog,220,2
learning,219,2
rest,219,2
anyone,218,2
peace,218,2
parent,217,2
early,216,2
center,216,2
country,216,2
water,215,2
giving,215,2
yes,214,2
rate,214,2
recent,214,2
loved,213,2
quality,213,2
gym,212,2
difficult,212,2
strain,212,2
play,211,2
fearless,211,2
lifestyle,211,2
happen,210,2
community,210,2
head,210,2
using,209,2
hand,209,2
else,209,2
university,208,2
ability,208,2
order,207,2
group,207,2
chronic,207,2
negative,207,2
maybe,207,2
skin,206,2
routine,205,2
watch,205,2
solution,205,2
conversation,204,2
man,204,2
nature,204,2
sign,203,2
company,203,2
connection,203,2
cost,202,2
situation,202,2
behind,201,2
probably,201,2
advice,200,2
truly,200,2
virus,199,2
especially,199,2
constantly,199,2
started,198,2
natural,198,2
reality,198,2
path,197,2
role,196,2
inside,196,2
effective,195,2
called,195,2
teen,195,2
alzheimer,195,2
spirit,195,2
attack,194,2
impact,194,2
sex,194,2
clear,194,2
memory,193,2
free,192,2
individual,192,2
purpose,192,2
already,191,2
gain,191,2
treat,190,2
potential,190,2
seem,190,2
higher,190,2
huffpost,189,2
deep,189,2
effort,189,2
strength,189,2
beyond,188,2
wisdom,188,2
winter,188,2
strategy,188,2
prevent,188,2
tool,188,2
game,187,2
medium,185,2
alone,185,2
toward,185,2
told,185,2
enjoy,185,2
factor,184,2
ago,182,2
forward,182,2
deal,181,2
offer,181,2
class,181,2
injury,180,2
reduce,179,2
diagnosis,178,2
loving,178,2
city,178,2
boost,177,2
product,177,2
favorite,177,2
spring,177,2
follow,176,2
asked,176,2
article,176,2
four,176,2
gratitude,175,2
understanding,175,2
wo,174,2
mistake,174,2
belief,174,2
mindful,174,2
outside,173,2
fast,173,2
new,1868,3
show,1166,3
star,1085,3
say,1054,3
film,1047,3
movie,1024,3
trump,1016,3
one,974,3
year,889,3
like,814,3
first,812,3
time,767,3
get,718,3
actor,683,3
music,648,3
said,607,3
day,592,3
make,584,3
woman,565,3
video,544,3
love,542,3
people,506,3
fan,501,3
season,496,3
back,489,3
donald,485,3
singer,484,3
best,482,3
life,478,3
thing,458,3
award,446,3
look,438,3
know,430,3
trailer,425,3
take,424,3
u,423,3
night,422,3
want,421,3
would,418,3
week,408,3
oscar,407,3
way,400,3
song,398,3
world,397,3
see,389,3
go,387,3
watch,383,3
kardashian,376,3
got,376,3
album,375,3
good,371,3
actress,368,3
director,366,3
made,364,3
story,363,3
could,362,3
think,360,3
two,359,3
office,355,3
hollywood,352,3
dead,352,3
war,352,3
tv,345,3
taylor,339,3
last,337,3
box,333,3
girl,331,3
also,327,3
weekend,321,3
john,317,3
hit,317,3
family,316,3
photo,314,3
swift,311,3
even,307,3
really,307,3
man,306,3
may,306,3
million,300,3
still,297,3
netflix,293,3
never,292,3
james,283,3
come,281,3
festival,276,3
host,274,3
set,274,3
talk,272,3
kim,270,3
game,270,3
live,269,3
rock,268,3
twitter,268,3
series,266,3
right,263,3
give,262,3
death,260,3
jenner,260,3
performance,255,3
play,253,3
call,252,3
big,252,3
character,249,3
baby,249,3
throne,248,3
need,247,3
little,246,3
west,243,3
chris,241,3
release,236,3
another,235,3
episode,234,3
child,233,3
interview,232,3
sexual,231,3
much,231,3
going,230,3
ever,227,3
next,225,3
coming,224,3
role,223,3
late,222,3
friend,221,3
kanye,220,3
many,218,3
open,216,3
cast,216,3
daughter,216,3
celebrity,215,3
instagram,215,3
white,214,3
black,213,3
america,212,3
real,211,3
former,210,3
american,209,3
justin,209,3
reveals,208,3
ca,208,3
president,206,3
top,205,3
finally,204,3
michael,204,3
let,204,3
latest,201,3
debut,201,3
moment,201,3
share,200,3
work,199,3
news,199,3
david,198,3
tom,198,3
jennifer,197,3
great,196,3
reportedly,195,3
comedy,192,3
ryan,187,3
review,187,3
well,186,3
tell,185,3
son,184,3
home,184,3
better,184,3
lady,183,3
jimmy,183,3
might,182,3
kid,182,3
band,182,3
house,180,3
mom,180,3
tribute,177,3
part,177,3
together,176,3
country,175,3
feel,173,3
premiere,173,3
told,172,3
return,171,3
since,171,3
end,170,3
bill,169,3
scene,168,3
amy,168,3
friday,167,3
win,165,3
rapper,163,3
second,163,3
getting,163,3
clip,163,3
documentary,163,3
tweet,162,3
heart,161,3
york,160,3
christmas,160,3
face,159,3
beyonc?,159,3
name,159,3
prince,158,3
reason,158,3
young,157,3
comedian,157,3
something,157,3
called,157,3
every,156,3
single,156,3
red,155,3
lot,155,3
disney,155,3
month,154,3
city,154,3
legend,154,3
birthday,154,3
artist,154,3
took,153,3
favorite,152,3
mark,151,3
tour,151,3
surprise,150,3
smith,150,3
everything,149,3
find,148,3
read,147,3
men,146,3
bad,145,3
perfect,145,3
everyone,145,3
couple,145,3
kylie,145,3
golden,144,3
theater,144,3
party,144,3
long,144,3
concert,143,3
medium,143,3
record,143,3
stage,143,3
word,142,3
break,142,3
weinstein,142,3
book,142,3
musical,141,3
always,141,3
king,140,3
died,140,3
boy,140,3
guy,140,3
history,139,3
place,139,3
stop,138,3
paul,138,3
winner,137,3
reality,137,3
happy,136,3
already,136,3
miley,136,3
mean,136,3
george,135,3
chrissy,135,3
stephen,135,3
globe,134,3
pop,134,3
post,134,3
yet,134,3
cover,134,3
ready,134,3
opening,133,3
teigen,133,3
claim,133,3
cyrus,133,3
jon,133,3
full,132,3
thought,131,3
upcoming,131,3
making,131,3
bieber,131,3
super,130,3
away,129,3
age,128,3
horror,128,3
gaga,128,3
adorable,127,3
producer,127,3
question,126,3
career,126,3
old,125,3
keep,125,3
TRUE,124,3
kelly,123,3
joke,123,3
behind,122,3
three,121,3
summer,121,3
released,121,3
help,121,3
actually,121,3
report,120,3
mother,120,3
hard,120,3
spear,119,3
harvey,119,3
almost,119,3
past,118,3
harry,118,3
went,118,3
ellen,118,3
ago,117,3
social,117,3
adele,117,3
la,116,3
emmy,116,3
turn,116,3
williams,116,3
today,116,3
brown,116,3
around,116,3
queen,115,3
wrote,115,3
academy,115,3
message,115,3
voice,115,3
britney,113,3
special,113,3
pay,112,3
fallon,112,3
nomination,112,3
schumer,112,3
found,112,3
playing,112,3
drama,112,3
fun,112,3
jones,112,3
nothing,112,3
audience,111,3
perry,111,3
lead,111,3
picture,111,3
wife,110,3
colbert,110,3
battle,110,3
carrie,110,3
major,109,3
hope,109,3
came,109,3
change,109,3
pretty,109,3
join,108,3
wo,108,3
corden,107,3
hbo,107,3
dance,107,3
event,107,3
list,107,3
support,106,3
put,106,3
accused,105,3
classic,105,3
kind,105,3
kevin,105,3
sunday,104,3
fire,104,3
allegation,104,3
update,104,3
move,104,3
nick,104,3
internet,103,3
head,103,3
jessica,103,3
member,102,3
school,102,3
original,101,3
sequel,101,3
date,101,3
person,101,3
final,101,3
number,101,3
future,101,3
fall,101,3
start,101,3
dream,101,3
dad,100,3
ben,99,3
writer,98,3
art,98,3
rumor,98,3
marvel,98,3
project,98,3
someone,98,3
beautiful,98,3
according,98,3
dark,98,3
father,97,3
famous,97,3
assault,97,3
adam,97,3
feature,97,3
brother,97,3
comment,97,3
secret,97,3
theory,97,3
khloe,97,3
scott,96,3
dog,96,3
honor,95,3
police,95,3
meet,95,3
enough,95,3
cosby,95,3
attack,94,3
sex,94,3
carpet,94,3
kimmel,94,3
f,94,3
exclusive,94,3
group,94,3
watching,94,3
force,94,3
sister,93,3
creator,93,3
sound,93,3
reynolds,93,3
explains,93,3
saturday,93,3
seen,93,3
appearance,92,3
without,92,3
run,92,3
talking,92,3
kate,92,3
drake,92,3
wedding,92,3
grammys,92,3
robert,92,3
holiday,92,3
oh,92,3
ceremony,91,3
lost,91,3
known,91,3
obama,91,3
drop,90,3
choice,90,3
reunion,90,3
teen,90,3
screen,90,3
lawrence,90,3
teaser,90,3
track,89,3
bowl,89,3
emotional,89,3
whole,89,3
try,89,3
far,89,3
rose,89,3
sweet,88,3
gomez,88,3
husband,88,3
left,88,3
baldwin,88,3
played,88,3
critic,88,3
case,87,3
selena,87,3
speech,87,3
fox,87,3
power,87,3
katy,87,3
public,86,3
high,86,3
asked,86,3
following,86,3
powerful,86,3
grammy,86,3
light,86,3
female,86,3
early,85,3
issue,85,3
god,85,3
eye,85,3
conversation,85,3
idea,84,3
martin,84,3
body,84,3
wanted,84,3
stewart,84,3
announced,84,3
miss,84,3
taking,84,3
grande,84,3
sure,84,3
dy,83,3
heard,83,3
hot,83,3
ariana,83,3
los,83,3
fisher,83,3
studio,82,3
working,82,3
reboot,82,3
point,82,3
believe,82,3
line,82,3
child,3491,4
kid,3415,4
parent,2445,4
mom,2004,4
baby,1712,4
day,1535,4
one,1492,4
time,1426,4
like,1155,4
thing,1118,4
life,1093,4
year,1078,4
family,1074,4
daughter,1037,4
know,1031,4
new,1026,4
mother,1007,4
way,947,4
need,943,4
make,926,4
get,900,4
want,870,4
school,867,4
parenting,864,4
dad,864,4
son,846,4
video,789,4
little,766,4
love,748,4
girl,727,4
first,707,4
would,688,4
say,670,4
u,639,4
woman,611,4
could,589,4
think,579,4
help,578,4
world,569,4
photo,567,4
take,563,4
boy,550,4
feel,548,4
even,547,4
people,547,4
every,544,4
many,541,4
much,536,4
go,533,4
really,510,4
good,508,4
best,485,4
may,471,4
never,467,4
week,463,4
two,450,4
toddler,448,4
back,444,4
come,438,4
right,429,4
work,423,4
let,420,4
home,419,4
something,417,4
talk,415,4
see,413,4
teen,406,4
name,401,4
father,395,4
said,388,4
give,384,4
look,383,4
study,380,4
going,362,4
friend,355,4
find,354,4
tell,351,4
still,347,4
moment,342,4
always,329,4
birth,328,4
last,328,4
young,326,4
mean,321,4
better,316,4
story,314,4
also,307,4
pregnancy,306,4
show,302,4
ca,298,4
breastfeeding,297,4
around,296,4
book,292,4
part,292,4
today,290,4
ever,287,4
made,287,4
question,285,4
important,280,4
word,274,4
month,271,4
thought,268,4
without,268,4
age,267,4
pregnant,267,4
teach,267,4
game,263,4
stop,260,4
tip,259,4
lot,259,4
holiday,258,4
play,256,4
well,254,4
share,251,4
toy,250,4
keep,250,4
long,249,4
big,248,4
autism,247,4
hard,246,4
heart,246,4
learn,245,4
enough,245,4
watch,245,4
often,245,4
different,244,4
gift,244,4
experience,243,4
might,241,4
real,241,4
start,241,4
told,240,4
happy,240,4
lesson,240,4
summer,239,4
husband,239,4
sometimes,238,4
letter,237,4
getting,236,4
reason,236,4
great,234,4
care,229,4
change,228,4
idea,228,4
put,225,4
learned,222,4
food,221,4
read,220,4
another,220,4
got,219,4
night,219,4
making,218,4
three,217,4
old,216,4
social,208,4
use,207,4
working,206,4
job,206,4
become,205,4
away,205,4
raising,202,4
body,201,4
trying,200,4
everything,200,4
place,198,4
adult,198,4
motherhood,198,4
student,194,4
teacher,194,4
facebook,194,4
special,194,4
hope,193,4
matter,193,4
found,192,4
remember,192,4
easy,191,4
face,190,4
adorable,190,4
news,190,4
cute,190,4
list,189,4
sleep,189,4
mommy,188,4
live,188,4
bad,188,4
fun,188,4
sure,188,4
born,186,4
college,186,4
feeling,186,4
try,186,4
everyone,185,4
health,185,4
together,184,4
next,183,4
birthday,182,4
ask,179,4
house,179,4
perfect,179,4
turn,178,4
note,178,4
christmas,177,4
yet,177,4
believe,175,4
hand,175,4
healthy,174,4
online,173,4
whether,173,4
end,172,4
medium,172,4
actually,171,4
someone,171,4
eye,170,4
top,170,4
asked,169,4
leave,168,4
advice,167,4
halloween,167,4
maybe,166,4
le,165,4
kind,164,4
problem,163,4
call,162,4
open,162,4
dinner,162,4
picture,161,4
others,161,4
american,160,4
high,160,4
post,159,4
room,156,4
car,155,4
since,155,4
nothing,154,4
childhood,152,4
learning,150,4
step,150,4
ago,149,4
early,149,4
taking,149,4
table,149,4
raise,148,4
wanted,148,4
point,147,4
party,147,4
hour,146,4
truth,145,4
message,145,4
second,144,4
set,144,4
mind,144,4
behavior,143,4
state,143,4
morning,143,4
fear,142,4
wo,142,4
safe,141,4
break,141,4
though,141,4
person,141,4
challenge,141,4
yes,141,4
wish,140,4
cry,139,4
cancer,139,4
conversation,138,4
alone,138,4
wrong,137,4
head,137,4
talking,136,4
single,135,4
choice,134,4
understand,133,4
season,131,4
santa,131,4
thinking,130,4
dear,130,4
knew,130,4
grow,130,4
doctor,129,4
hospital,129,4
past,128,4
instead,128,4
teaching,127,4
technology,127,4
support,126,4
far,126,4
man,126,4
tv,126,4
movie,125,4
hear,125,4
eat,125,4
men,124,4
fact,124,4
used,123,4
giving,123,4
took,123,4
favorite,122,4
must,122,4
four,122,4
twin,122,4
public,121,4
simple,121,4
five,121,4
started,120,4
especially,120,4
future,120,4
stay,119,4
power,119,4
anything,119,4
done,119,4
looking,118,4
risk,117,4
issue,117,4
minute,117,4
answer,117,4
secret,117,4
least,117,4
already,116,4
money,116,4
felt,116,4
wife,115,4
came,115,4
human,115,4
whole,115,4
phone,114,4
decision,113,4
dog,113,4
anyone,113,4
pretty,112,4
full,112,4
able,111,4
beautiful,111,4
role,111,4
TRUE,111,4
reading,110,4
living,110,4
amazing,110,4
older,109,4
couple,109,4
relationship,109,4
tweet,107,4
emotional,107,4
went,107,4
watching,107,4
sense,107,4
bullying,107,4
almost,107,4
called,106,4
common,105,4
sign,105,4
sister,105,4
control,105,4
joy,105,4
left,105,4
rule,105,4
written,105,4
small,105,4
sex,104,4
report,103,4
sweet,103,4
screen,103,4
seems,103,4
lost,103,4
war,102,4
costume,102,4
growing,102,4
wonder,102,4
sound,101,4
hilarious,101,4
line,101,4
reality,101,4
according,101,4
education,101,4
internet,101,4
happened,100,4
plan,100,4
infant,100,4
star,99,4
else,99,4
gun,99,4
opportunity,99,4
probably,98,4
stress,98,4
along,98,4
fall,98,4
stand,98,4
likely,98,4
taught,98,4
class,97,4
saying,97,4
generation,97,4
dream,97,4
ready,97,4
offer,97,4
helping,97,4
playing,96,4
sport,96,4
behind,96,4
activity,96,4
side,96,4
eating,96,4
case,95,4
present,95,4
move,95,4
bed,95,4
hold,95,4
sibling,95,4
however,95,4
value,95,4
hair,95,4
attention,95,4
bit,94,4
act,94,4
struggle,93,4
adoption,93,4
viral,93,4
brain,93,4
loss,92,4
course,92,4
anxiety,91,4
america,91,4
dance,91,4
light,91,4
pain,91,4
huffpost,91,4
worry,91,4
possible,91,4
trip,91,4
given,91,4
skill,90,4
seem,90,4
deal,90,4
song,90,4
awesome,90,4
number,90,4
ok,89,4
miss,89,4
forget,88,4
gave,88,4
save,88,4
country,88,4
normal,87,4
turned,87,4
please,87,4
needed,87,4
practice,87,4
changed,86,4
finding,86,4
author,86,4
death,86,4
became,86,4
bring,86,4
percent,86,4
longer,86,4
mama,85,4
culture,85,4
celebrate,85,4
meet,85,4
cause,85,4
ad,85,4
daily,85,4
blog,85,4
cost,84,4
hate,84,4
chance,84,4
national,84,4
teenager,84,4
princess,84,4
million,84,4
personal,84,4
diaper,83,4
using,83,4
inside,83,4
fight,83,4
syndrome,83,4
loved,83,4
soon,83,4
lunch,83,4
simply,83,4
success,83,4
funny,82,4
choose,82,4
card,82,4
realize,82,4
community,82,4
guide,82,4
responsibility,82,4
happens,82,4
camp,82,4
safety,81,4
begin,81,4
among,81,4
lead,81,4
run,81,4
worth,80,4
memory,80,4
recently,80,4
quite,80,4
send,80,4
photo,5301,5
style,2268,5
fashion,2178,5
look,1895,5
week,1505,5
new,1421,5
check,1250,5
dress,1174,5
want,1141,5
beauty,966,5
sure,954,5
hair,928,5
u,886,5
like,861,5
twitter,861,5
day,843,5
one,835,5
get,802,5
video,796,5
facebook,780,5
pinterest,744,5
huffpost,741,5
best,723,5
see,711,5
model,704,5
show,691,5
tumblr,689,5
wear,662,5
kate,650,5
woman,611,5
year,609,5
make,607,5
time,606,5
red,580,5
star,575,5
love,545,5
way,533,5
york,515,5
instagram,514,5
makeup,498,5
first,485,5
designer,474,5
take,471,5
girl,468,5
cover,464,5
back,458,5
outfit,434,5
fall,421,5
know,416,5
thing,406,5
think,393,5
poll,367,5
carpet,365,5
stylelist,364,5
go,361,5
trend,352,5
may,352,5
celebrity,347,5
say,344,5
spring,342,5
huffpoststyle,336,5
middleton,334,5
find,328,5
face,326,5
black,323,5
need,319,5
would,318,5
award,318,5
even,312,5
top,309,5
good,308,5
shoe,308,5
really,294,5
wearing,294,5
obama,294,5
always,293,5
list,293,5
world,288,5
lady,286,5
come,285,5
people,285,5
evolution,285,5
color,283,5
skin,278,5
little,278,5
princess,278,5
life,274,5
favorite,273,5
night,273,5
collection,270,5
still,269,5
summer,265,5
actress,265,5
much,264,5
vogue,263,5
michelle,261,5
last,253,5
secret,253,5
magazine,252,5
line,251,5
nail,251,5
white,251,5
wardrobe,249,5
work,248,5
never,248,5
got,247,5
many,246,5
kardashian,246,5
runway,244,5
season,242,5
kim,242,5
every,240,5
two,240,5
men,239,5
street,237,5
right,235,5
perfect,232,5
made,231,5
prince,230,5
royal,229,5
could,229,5
also,226,5
pretty,225,5
product,223,5
ad,222,5
network,222,5
moment,216,5
better,215,5
jennifer,214,5
tip,211,5
clothing,211,5
great,207,5
ever,205,5
today,204,5
going,202,5
wore,202,5
brand,200,5
big,199,5
jessica,198,5
shop,197,5
holiday,196,5
well,196,5
clothes,195,5
city,194,5
oscar,193,5
victoria,192,5
give,190,5
paris,189,5
art,188,5
long,182,5
around,182,5
jean,182,5
short,180,5
baby,180,5
shopping,179,5
tell,178,5
vintage,178,5
something,177,5
store,177,5
body,172,5
read,172,5
lot,170,5
gift,169,5
let,169,5
image,168,5
worst,167,5
pant,167,5
feel,167,5
eye,167,5
talk,166,5
getting,163,5
without,163,5
editor,163,5
put,162,5
party,161,5
might,157,5
watch,157,5
another,157,5
ca,153,5
pick,153,5
stylish,152,5
queen,152,5
weekend,151,5
hot,150,5
miley,150,5
wedding,149,5
accessory,147,5
high,147,5
golden,147,5
try,146,5
american,146,5
real,146,5
next,146,5
sexy,146,5
actually,145,5
mean,144,5
looking,144,5
gown,144,5
help,143,5
since,142,5
campaign,142,5
winter,141,5
everything,141,5
old,141,5
bag,141,5
hat,141,5
sale,140,5
making,140,5
suit,139,5
globe,135,5
past,135,5
taylor,133,5
dressed,133,5
issue,133,5
lipstick,133,5
reason,132,5
friend,132,5
mom,132,5
already,131,5
costume,131,5
cool,131,5
design,130,5
hit,130,5
lip,129,5
pink,128,5
leather,128,5
heel,128,5
seen,127,5
set,127,5
yet,127,5
family,127,5
beautiful,127,5
idea,127,5
singer,127,5
blue,126,5
piece,126,5
keep,126,5
rihanna,126,5
month,126,5
sheer,126,5
latest,125,5
home,125,5
bra,125,5
event,124,5
everyone,124,5
blogger,124,5
music,124,5
news,124,5
miss,123,5
london,123,5
chanel,123,5
gorgeous,123,5
mother,122,5
anna,122,5
harry,120,5
pair,120,5
film,120,5
cyrus,120,5
turn,119,5
rachel,119,5
met,119,5
moss,119,5
said,118,5
part,118,5
course,118,5
taking,118,5
though,117,5
took,116,5
yes,116,5
hollywood,116,5
easy,115,5
bikini,115,5
bad,115,5
head,115,5
marc,115,5
looked,114,5
online,114,5
use,113,5
closet,113,5
change,113,5
live,113,5
report,113,5
house,113,5
coat,112,5
item,112,5
amazing,112,5
chic,111,5
emmy,111,5
daily,111,5
shoot,110,5
shirt,110,5
h,110,5
step,109,5
full,109,5
le,108,5
underwear,108,5
seems,108,5
skirt,107,5
birthday,107,5
thought,107,5
supermodel,107,5
click,107,5
whether,106,5
jacket,106,5
duchess,106,5
often,106,5
different,106,5
question,106,5
beckham,105,5
guy,105,5
nothing,104,5
print,104,5
finally,104,5
jewelry,102,5
simple,102,5
end,102,5
ready,102,5
blonde,102,5
choice,101,5
fun,101,5
totally,101,5
katy,101,5
feature,100,5
perry,100,5
buy,99,5
industry,99,5
size,99,5
malfunction,99,5
diy,98,5
away,98,5
stunning,98,5
famous,98,5
super,98,5
elle,98,5
trick,96,5
jenner,96,5
classic,96,5
stop,95,5
recently,95,5
emma,95,5
behind,94,5
major,94,5
appearance,94,5
hairstyle,94,5
tweet,93,5
movie,93,5
beyonce,93,5
jacob,93,5
start,92,5
cut,92,5
icon,92,5
interview,92,5
man,92,5
known,92,5
told,92,5
gala,92,5
series,92,5
call,91,5
place,91,5
debut,91,5
upton,91,5
enough,90,5
elizabeth,90,5
five,89,5
three,89,5
premiere,89,5
cute,88,5
british,88,5
young,88,5
kelly,88,5
similar,88,5
green,88,5
fabulous,88,5
used,87,5
hand,87,5
daughter,87,5
child,87,5
couple,87,5
happy,87,5
artist,86,5
case,86,5
found,86,5
school,86,5
fact,86,5
front,86,5
share,85,5
wo,85,5
pregnant,85,5
ensemble,85,5
rest,85,5
almost,84,5
story,84,5
word,84,5
denim,84,5
french,84,5
friday,83,5
william,83,5
kind,83,5
fan,83,5
david,83,5
pippa,83,5
miranda,83,5
weekly,83,5
deal,82,5
boot,82,5
kid,82,5
celebs,82,5
become,82,5
awesome,82,5
zoe,82,5
according,81,5
care,81,5
michael,81,5
routine,80,5
manicure,80,5
rock,80,5
photoshop,80,5
west,80,5
gisele,80,5
remember,79,5
modeling,79,5
surprise,79,5
cheap,78,5
tv,78,5
gaga,78,5
sport,78,5
sunday,78,5
festival,78,5
name,78,5
dark,77,5
halloween,77,5
probably,77,5
mind,77,5
quite,77,5
kanye,77,5
roundup,77,5
business,76,5
must,76,5
kristen,76,5
alexander,76,5
age,76,5
gold,76,5
teen,76,5
heidi,76,5
fragrance,75,5
anything,75,5
bold,75,5
game,75,5
hard,75,5
dating,75,5
ebay,75,5
olivia,74,5
picture,74,5
ring,74,5
gwyneth,74,5
second,74,5
book,74,5
glamour,74,5
foot,74,5
lawrence,74,5
reveals,73,5
important,73,5
matter,73,5
bright,73,5
valentine,73,5
leg,73,5
company,73,5
student,73,5
mtv,73,5
pop,73,5
kerr,73,5
content,72,5
morning,72,5
meet,72,5
date,72,5
rule,72,5
la,72,5
least,71,5
president,71,5
came,71,5
pic,71,5
seeing,70,5
side,70,5
hope,70,5
saw,70,5
far,70,5
oh,70,5
bit,70,5
inspired,70,5
sarah,70,5
anne,70,5
de,70,5
went,69,5
row,69,5
follow,69,5
bank,69,5
swift,69,5
update,69,5
ashley,69,5
highlight,69,5
gay,1890,6
black,1601,6
new,1269,6
people,1120,6
one,839,6
year,813,6
woman,792,6
life,767,6
say,753,6
time,681,6
lgbt,673,6
right,646,6
week,621,6
community,614,6
day,614,6
like,601,6
love,593,6
said,585,6
trump,585,6
first,570,6
queer,545,6
transgender,531,6
family,526,6
video,511,6
u,509,6
get,505,6
show,504,6
trans,493,6
star,479,6
marriage,479,6
lgbtq,467,6
men,464,6
man,459,6
want,450,6
story,438,6
police,433,6
would,427,6
know,404,6
america,392,6
way,388,6
history,381,6
world,380,6
white,376,6
make,374,6
many,366,6
come,365,6
film,356,6
school,354,6
american,347,6
take,336,6
back,330,6
two,324,6
child,317,6
state,309,6
latino,309,6
still,308,6
lesbian,308,6
student,303,6
need,303,6
best,299,6
photo,295,6
series,295,6
equality,293,6
could,279,6
president,273,6
kid,270,6
moment,270,6
talk,268,6
thing,267,6
see,264,6
never,263,6
last,262,6
couple,262,6
city,257,6
race,256,6
look,254,6
pride,252,6
month,249,6
drag,248,6
think,248,6
word,243,6
matter,242,6
may,241,6
coming,239,6
made,235,6
go,234,6
group,233,6
feel,233,6
also,231,6
support,229,6
call,228,6
boy,224,6
gender,222,6
death,221,6
even,221,6
country,219,6
york,218,6
help,217,6
issue,217,6
open,216,6
going,212,6
every,212,6
mother,212,6
law,209,6
let,208,6
girl,207,6
music,206,6
obama,205,6
young,203,6
officer,203,6
ever,202,6
really,201,6
court,197,6
much,197,6
award,196,6
work,196,6
live,196,6
activist,195,6
mean,193,6
son,192,6
queen,190,6
color,190,6
tell,189,6
teen,188,6
youth,187,6
today,186,6
donald,184,6
share,184,6
change,182,6
part,182,6
case,181,6
another,179,6
friend,179,6
since,175,6
something,172,6
find,171,6
king,171,6
protest,169,6
justice,169,6
voice,169,6
parent,169,6
face,168,6
shooting,168,6
cop,168,6
person,167,6
book,166,6
season,166,6
got,165,6
hope,163,6
mom,163,6
tv,162,6
past,162,6
medium,160,6
actor,159,6
national,159,6
hate,158,6
told,157,6
question,157,6
home,156,6
experience,156,6
bill,156,6
must,155,6
big,153,6
always,153,6
fight,153,6
news,153,6
long,153,6
million,152,6
culture,151,6
real,149,6
give,148,6
place,148,6
sex,148,6
stop,147,6
health,147,6
nation,147,6
letter,147,6
violence,145,6
good,145,6
better,145,6
michael,144,6
powerful,143,6
racism,142,6
hollywood,141,6
meet,140,6
act,140,6
around,140,6
former,140,6
little,139,6
role,139,6
celebrate,139,6
game,138,6
racial,138,6
social,138,6
church,138,6
college,137,6
singer,137,6
important,137,6
movie,137,6
honor,136,6
night,136,6
hiv,136,6
identity,133,6
march,133,6
end,132,6
director,132,6
martin,132,6
care,132,6
high,131,6
play,131,6
actress,131,6
bisexual,131,6
campaign,130,6
power,130,6
civil,130,6
thought,129,6
dad,129,6
watch,129,6
father,128,6
came,127,6
message,127,6
brown,127,6
together,126,6
shot,125,6
event,125,6
artist,125,6
name,125,6
ca,125,6
fan,124,6
house,123,6
set,122,6
racist,122,6
put,122,6
found,121,6
relationship,121,6
future,121,6
killed,120,6
ago,120,6
away,119,6
public,118,6
living,118,6
washington,118,6
chicago,117,6
well,117,6
sexual,117,6
straight,117,6
behind,116,6
called,116,6
believe,116,6
movement,115,6
supreme,115,6
claim,114,6
vote,114,6
next,114,6
immigrant,113,6
member,112,6
victim,112,6
oscar,111,6
beautiful,110,6
hit,110,6
political,110,6
others,109,6
rapper,109,6
reason,109,6
become,109,6
stand,109,6
three,108,6
latest,108,6
great,108,6
guy,108,6
african,107,6
fact,106,6
human,106,6
daughter,106,6
without,106,6
leader,105,6
player,105,6
wedding,105,6
lee,105,6
everyone,104,6
enough,104,6
keep,104,6
song,104,6
diversity,104,6
style,104,6
judge,104,6
texas,103,6
host,103,6
aid,103,6
huffpost,101,6
street,101,6
response,101,6
discus,101,6
party,101,6
sexuality,100,6
decision,100,6
character,100,6
post,100,6
yet,100,6
lot,99,6
bring,99,6
davis,98,6
company,98,6
making,98,6
getting,98,6
north,98,6
fear,98,6
orlando,98,6
murder,97,6
discrimination,97,6
speech,96,6
top,96,6
seen,96,6
jenner,96,6
male,96,6
carolina,95,6
report,95,6
wo,95,6
struggle,95,6
finally,95,6
reality,95,6
art,94,6
took,94,6
wanted,94,6
dream,94,6
john,94,6
christian,94,6
different,94,6
heart,94,6
twitter,93,6
often,93,6
biggest,92,6
policy,92,6
gun,92,6
hard,91,6
business,91,6
already,90,6
project,90,6
body,90,6
someone,90,6
interview,90,6
album,90,6
happy,90,6
happened,89,6
used,89,6
action,89,6
legacy,89,6
ban,88,6
step,88,6
everything,88,6
join,88,6
hair,87,6
win,87,6
united,87,6
official,86,6
freedom,86,6
move,86,6
festival,86,6
ready,86,6
recent,86,6
election,86,6
holiday,86,6
university,85,6
killing,85,6
dead,85,6
team,85,6
second,85,6
taking,85,6
offer,84,6
turn,84,6
conversation,84,6
south,84,6
asked,84,6
TRUE,84,6
nyc,84,6
opportunity,84,6
kind,84,6
challenge,83,6
break,83,6
june,83,6
comment,83,6
personal,82,6
journey,82,6
center,82,6
release,82,6
among,82,6
plan,82,6
use,82,6
looking,81,6
organization,81,6
far,81,6
weekend,81,6
understand,81,6
bad,80,6
republican,80,6
james,80,6
whether,80,6
puerto,80,6
became,80,6
society,80,6
clinton,80,6
favorite,79,6
fired,79,6
study,79,6
voter,79,6
williams,79,6
system,79,6
might,79,6
read,79,6
problem,79,6
nothing,79,6
atlanta,79,6
performance,78,6
documentary,78,6
rupaul,78,6
attack,78,6
female,77,6
surprise,77,6
teacher,77,6
five,77,6
list,77,6
ask,77,6
bar,77,6
celebrity,76,6
george,76,6
sport,76,6
truth,76,6
four,76,6
proud,76,6
episode,76,6
speak,76,6
free,76,6
fashion,76,6
start,76,6
head,75,6
sunday,75,6
athlete,75,6
panther,74,6
full,74,6
wrong,74,6
decade,74,6
line,74,6
brooklyn,73,6
broadway,73,6
order,73,6
flag,72,6
met,72,6
network,72,6
job,72,6
age,72,6
felt,72,6
cast,72,6
married,72,6
across,72,6
light,72,6
model,72,6
knew,71,6
number,71,6
anyone,71,6
icon,71,6
continue,71,6
calling,71,6
youtube,71,6
recently,71,6
rainbow,71,6
later,71,6
working,70,6
pay,70,6
amazing,70,6
jordan,70,6
pop,70,6
daniel,70,6
growing,70,6
crime,70,6
figure,70,6
mexican,70,6
idea,70,6
mind,70,6
space,69,6
religious,69,6
parade,69,6
wellness,69,6
smith,69,6
summer,69,6
fall,69,6
allegedly,69,6
special,69,6
federal,69,6
ally,69,6
stage,68,6
tribute,68,6
went,68,6
lady,68,6
comedy,68,6
caitlyn,68,6
homophobia,68,6
remember,68,6
continues,68,6
service,68,6
heard,68,6
photo,1870,7
travel,1811,7
world,1347,7
hotel,1213,7
new,1199,7
one,1054,7
city,1042,7
best,1020,7
day,834,7
time,818,7
place,802,7
year,757,7
like,754,7
trip,702,7
get,682,7
way,648,7
make,594,7
vacation,587,7
airline,581,7
thing,554,7
traveler,551,7
beach,541,7
around,540,7
take,512,7
destination,498,7
flight,498,7
people,470,7
summer,470,7
love,462,7
go,459,7
america,454,7
u,443,7
visit,438,7
country,437,7
island,436,7
park,432,7
many,417,7
video,411,7
great,407,7
top,389,7
airport,389,7
know,385,7
see,385,7
town,375,7
home,372,7
even,366,7
first,361,7
road,345,7
life,342,7
traveling,341,7
american,341,7
family,339,7
want,338,7
experience,333,7
come,329,7
food,325,7
may,323,7
two,318,7
find,306,7
little,295,7
tourist,294,7
every,294,7
local,289,7
look,288,7
list,285,7
london,284,7
could,282,7
tip,282,7
back,281,7
favorite,280,7
would,277,7
still,268,7
beautiful,266,7
much,266,7
week,265,7
next,265,7
need,264,7
good,263,7
york,262,7
reason,262,7
national,258,7
resort,258,7
think,257,7
adventure,253,7
right,251,7
say,251,7
holiday,249,7
never,248,7
offer,246,7
last,245,7
europe,241,7
spring,240,7
guide,239,7
cruise,237,7
tour,235,7
also,233,7
spot,231,7
paris,231,7
part,225,7
always,221,7
really,219,7
air,218,7
passenger,217,7
away,217,7
restaurant,217,7
stay,216,7
mountain,216,7
ever,214,7
plane,214,7
season,211,7
big,209,7
kid,206,7
view,202,7
south,202,7
room,200,7
winter,199,7
five,198,7
long,196,7
perfect,196,7
across,195,7
art,195,7
whether,195,7
going,194,7
street,194,7
show,193,7
state,193,7
getaway,192,7
weekend,190,7
better,190,7
fall,188,7
disney,187,7
might,187,7
bar,187,7
looking,186,7
something,186,7
water,185,7
night,185,7
well,184,7
fun,183,7
tsa,174,7
got,172,7
lot,172,7
mile,172,7
month,171,7
history,171,7
festival,170,7
made,167,7
work,167,7
plan,164,7
coast,164,7
ca,163,7
help,161,7
hour,161,7
getting,159,7
north,158,7
often,158,7
culture,158,7
san,156,7
without,156,7
three,155,7
ski,155,7
check,154,7
museum,152,7
italy,151,7
mean,151,7
deal,150,7
friend,150,7
attraction,150,7
feel,149,7
book,147,7
flying,147,7
let,147,7
open,146,7
according,146,7
line,146,7
caribbean,145,7
ride,145,7
along,144,7
moment,144,7
visiting,143,7
far,142,7
found,142,7
end,142,7
mexico,141,7
keep,141,7
sea,141,7
different,140,7
old,140,7
land,139,7
international,138,7
past,138,7
la,138,7
live,138,7
free,137,7
easy,136,7
famous,135,7
everyone,135,7
set,135,7
another,134,7
break,131,7
high,130,7
le,129,7
start,129,7
dream,129,7
everything,129,7
luxury,129,7
site,128,7
enough,128,7
give,127,7
florida,127,7
wine,127,7
amazing,127,7
tourism,126,7
real,126,7
secret,125,7
unique,125,7
united,124,7
put,124,7
known,124,7
lake,124,7
head,124,7
music,124,7
small,123,7
earth,122,7
today,122,7
explore,122,7
said,121,7
light,121,7
sure,121,7
area,121,7
seat,120,7
river,120,7
enjoy,120,7
eat,120,7
worth,119,7
zen,119,7
ship,118,7
italian,117,7
point,117,7
business,117,7
car,116,7
visitor,114,7
stunning,114,7
woman,114,7
call,114,7
taking,114,7
escape,114,7
probably,113,7
least,113,7
california,113,7
since,113,7
fee,112,7
turn,112,7
spend,112,7
budget,111,7
though,109,7
four,109,7
hot,109,7
de,109,7
journey,109,7
africa,109,7
bag,108,7
name,108,7
abroad,108,7
yet,106,7
change,106,7
actually,105,7
story,105,7
hawaii,105,7
european,104,7
space,104,7
tree,104,7
planning,104,7
near,103,7
million,103,7
capital,103,7
idea,102,7
kind,101,7
sometimes,101,7
party,101,7
beauty,101,7
historic,101,7
house,101,7
six,101,7
rome,100,7
nothing,100,7
question,100,7
stop,100,7
company,99,7
living,99,7
market,99,7
train,99,7
romantic,98,7
foot,98,7
service,98,7
mind,98,7
thought,98,7
game,98,7
airplane,97,7
sun,97,7
popular,96,7
seen,96,7
making,95,7
wonder,95,7
try,95,7
christmas,95,7
scene,95,7
course,95,7
vega,95,7
west,94,7
fact,94,7
man,94,7
hit,94,7
child,94,7
money,93,7
france,93,7
fly,92,7
wild,92,7
natural,92,7
drink,92,7
ireland,92,7
bit,92,7
eye,92,7
hard,92,7
pool,91,7
drive,91,7
cool,91,7
orleans,91,7
took,91,7
run,91,7
walk,90,7
attendant,90,7
japan,90,7
inside,90,7
village,90,7
building,90,7
price,90,7
almost,90,7
beyond,89,7
spa,89,7
become,89,7
save,89,7
east,89,7
sand,89,7
event,89,7
dining,88,7
guest,88,7
share,87,7
full,87,7
animal,87,7
called,87,7
leave,87,7
activity,87,7
side,86,7
coming,86,7
security,86,7
ready,86,7
ticket,86,7
special,86,7
avoid,85,7
blue,85,7
ago,85,7
french,85,7
matter,85,7
spirit,85,7
hidden,85,7
washington,84,7
left,84,7
sight,84,7
plenty,84,7
route,83,7
must,83,7
recent,83,7
industry,83,7
ask,83,7
seven,83,7
region,83,7
seems,83,7
nature,82,7
cost,82,7
century,82,7
celebrate,82,7
TRUE,82,7
beer,82,7
landscape,82,7
front,81,7
china,81,7
finding,80,7
england,80,7
northern,80,7
watch,79,7
happy,79,7
white,79,7
behind,79,7
exploring,79,7
picture,79,7
rule,78,7
truly,78,7
cheap,78,7
early,78,7
fan,78,7
incredible,78,7
quite,78,7
couple,78,7
tell,78,7
bridge,78,7
francisco,77,7
center,77,7
recently,77,7
class,77,7
pretty,77,7
india,77,7
magical,76,7
spain,76,7
maybe,76,7
heart,76,7
minute,76,7
news,76,7
weather,75,7
wo,75,7
miss,75,7
believe,75,7
use,75,7
grand,75,7
hand,75,7
lost,75,7
taste,75,7
pack,74,7
second,74,7
location,74,7
awesome,74,7
style,74,7
shop,74,7
president,74,7
together,74,7
gorgeous,73,7
outside,73,7
film,73,7
bad,73,7
b,73,7
star,72,7
trail,72,7
among,72,7
snow,72,7
instead,71,7
canada,71,7
ancient,71,7
los,70,7
letter,70,7
surprise,70,7
told,70,7
public,70,7
face,70,7
meet,70,7
australia,70,7
expert,69,7
especially,69,7
sound,69,7
sky,69,7
job,69,7
used,69,7
heard,69,7
others,69,7
report,69,7
close,69,7
thanks,69,7
inn,69,7
dog,68,7
bring,68,7
valley,68,7
rock,68,7
morning,68,7
learn,68,7
green,68,7
opportunity,67,7
chance,67,7
carnival,67,7
crowd,67,7
paradise,67,7
upon,67,7
future,67,7
bucket,67,7
chef,67,7
jet,66,7
group,66,7
desert,66,7
window,66,7
shopping,66,7
important,66,7
word,66,7
club,66,7
movie,65,7
step,65,7
rich,65,7
major,65,7
red,65,7
ocean,65,7
abandoned,65,7
anyone,64,7
wanted,64,7
recipe,1919,8
food,1534,8
make,1203,8
best,914,8
photo,899,8
day,792,8
one,710,8
like,652,8
way,649,8
new,607,8
time,552,8
get,514,8
wine,502,8
eat,456,8
love,445,8
thing,430,8
know,410,8
year,409,8
good,408,8
need,406,8
chocolate,398,8
cocktail,397,8
cake,388,8
taste,387,8
summer,381,8
cooking,379,8
u,370,8
favorite,367,8
cheese,361,8
delicious,349,8
easy,348,8
restaurant,342,8
dish,339,8
video,337,8
dinner,334,8
drink,328,8
chicken,328,8
sweet,326,8
dessert,317,8
want,316,8
chef,315,8
better,305,8
even,304,8
beer,304,8
kitchen,303,8
cream,295,8
think,284,8
world,283,8
holiday,282,8
meal,280,8
cook,277,8
never,274,8
flavor,273,8
ever,272,8
perfect,270,8
made,269,8
great,267,8
salad,266,8
ice,246,8
burger,242,8
breakfast,237,8
many,234,8
take,234,8
people,233,8
hot,232,8
come,231,8
go,229,8
every,226,8
making,223,8
eating,222,8
much,219,8
top,219,8
coffee,215,8
really,214,8
egg,214,8
america,214,8
pizza,208,8
look,207,8
season,207,8
home,204,8
sauce,203,8
would,203,8
healthy,201,8
party,201,8
butter,200,8
little,200,8
bacon,200,8
thanksgiving,199,8
sandwich,199,8
soup,198,8
pie,195,8
cooky,188,8
could,186,8
something,185,8
right,184,8
potato,184,8
vegetable,184,8
fruit,181,8
week,181,8
life,180,8
say,179,8
try,175,8
bar,173,8
simple,173,8
fresh,170,8
tip,168,8
use,166,8
around,165,8
bread,164,8
ingredient,163,8
may,163,8
first,163,8
american,162,8
meat,162,8
without,161,8
family,160,8
treat,159,8
find,158,8
might,157,8
let,155,8
homemade,155,8
two,154,8
lot,153,8
got,153,8
back,149,8
cookie,149,8
put,146,8
always,145,8
menu,145,8
green,145,8
classic,144,8
long,143,8
pumpkin,143,8
bowl,141,8
huffpost,141,8
spring,139,8
pasta,137,8
everything,135,8
lunch,134,8
mean,134,8
snack,133,8
fall,133,8
still,133,8
start,132,8
chip,131,8
next,130,8
candy,128,8
kid,128,8
well,128,8
apple,127,8
country,126,8
ca,124,8
help,123,8
keep,123,8
everyone,119,8
last,118,8
going,118,8
grilled,117,8
big,116,8
whole,116,8
test,114,8
reason,113,8
kind,113,8
idea,113,8
order,112,8
guide,112,8
real,111,8
winter,110,8
also,110,8
gift,110,8
super,109,8
baking,109,8
fun,109,8
give,108,8
french,107,8
turkey,107,8
actually,107,8
bottle,107,8
see,107,8
feel,107,8
place,104,8
italian,102,8
sure,102,8
spice,102,8
probably,101,8
friend,101,8
secret,101,8
tomato,100,8
show,99,8
part,98,8
warm,98,8
turn,97,8
fish,96,8
cup,96,8
taco,96,8
night,95,8
white,95,8
city,95,8
cuff,94,8
barbecue,94,8
game,93,8
glass,93,8
list,93,8
work,93,8
baked,93,8
peanut,93,8
grill,91,8
red,91,8
wo,91,8
culinary,91,8
celebrate,90,8
different,89,8
store,89,8
halloween,89,8
old,89,8
dog,89,8
cookbook,88,8
found,87,8
side,87,8
valentine,87,8
le,86,8
three,86,8
sugar,86,8
another,86,8
fried,85,8
table,85,8
whether,85,8
york,85,8
christmas,85,8
corn,85,8
enjoy,83,8
cupcake,83,8
end,83,8
bad,83,8
market,83,8
hard,83,8
bean,83,8
vegetarian,83,8
drinking,82,8
enough,82,8
add,82,8
milk,82,8
anything,82,8
together,81,8
worst,81,8
fast,81,8
quick,81,8
worth,81,8
tastemakers,81,8
buy,80,8
often,80,8
nothing,80,8
bit,80,8
onion,80,8
toast,80,8
weekend,79,8
happy,79,8
watch,79,8
vegan,78,8
mcdonald,77,8
starbucks,77,8
fry,76,8
sometimes,76,8
getting,76,8
course,76,8
amazing,76,8
school,75,8
dip,75,8
cold,75,8
guy,75,8
pretty,75,8
minute,74,8
thought,74,8
spirit,74,8
pancake,74,8
wrong,73,8
looking,72,8
share,71,8
almost,71,8
ready,71,8
away,71,8
stop,71,8
roll,71,8
chain,71,8
beautiful,71,8
five,71,8
yet,70,8
strawberry,70,8
donut,70,8
bbq,70,8
month,70,8
wing,70,8
call,69,8
banana,69,8
house,69,8
today,69,8
tell,69,8
full,68,8
whiskey,68,8
since,67,8
become,67,8
special,67,8
beef,66,8
morning,66,8
quite,66,8
hand,66,8
leftover,65,8
cuisine,65,8
trick,65,8
item,65,8
creamy,65,8
fact,65,8
easter,65,8
tea,64,8
diet,64,8
light,64,8
lover,64,8
pork,63,8
bring,63,8
frozen,63,8
kale,63,8
lemon,63,8
savory,63,8
steak,63,8
result,63,8
change,62,8
trend,62,8
read,62,8
brunch,62,8
yes,62,8
pepper,62,8
ultimate,62,8
olive,62,8
grocery,61,8
water,61,8
coconut,61,8
roasted,61,8
beyond,60,8
national,60,8
heart,60,8
grilling,60,8
art,60,8
money,59,8
mix,59,8
brown,59,8
oil,59,8
stuff,58,8
product,58,8
comfort,58,8
farmer,58,8
cool,58,8
garlic,58,8
name,58,8
sunday,58,8
mind,57,8
using,57,8
serve,57,8
forget,57,8
cut,57,8
craft,57,8
tasty,56,8
used,56,8
box,56,8
avocado,56,8
mint,56,8
across,55,8
brownie,55,8
popular,55,8
juice,55,8
salt,55,8
plus,54,8
company,54,8
soda,54,8
local,54,8
coming,54,8
pastry,54,8
word,54,8
seems,54,8
veggie,54,8
black,53,8
important,53,8
high,53,8
set,53,8
outside,53,8
bite,53,8
behind,53,8
de,53,8
save,52,8
tradition,52,8
maybe,52,8
rice,52,8
shop,52,8
brand,52,8
difference,52,8
version,52,8
mom,52,8
squash,52,8
break,51,8
guest,51,8
easier,51,8
fan,51,8
roast,51,8
talk,51,8
muffin,51,8
seen,51,8
lobster,51,8
past,51,8
spicy,51,8
type,50,8
mac,50,8
step,50,8
star,50,8
style,50,8
mistake,50,8
chinese,50,8
mexican,50,8
free,50,8
served,50,8
traditional,50,8
cherry,50,8
rich,50,8
history,49,8
story,49,8
crisp,49,8
small,48,8
check,48,8
tart,48,8
plate,48,8
live,48,8
king,48,8
seem,48,8
feast,47,8
already,47,8
shrimp,47,8
dream,47,8
finally,47,8
seafood,47,8
dining,47,8
second,47,8
expert,46,8
option,46,8
state,46,8
rule,46,8
oven,46,8
anyone,46,8
perfectly,46,8
sushi,46,8
chili,46,8
expensive,46,8
experience,46,8
instead,45,8
according,45,8
man,45,8
least,45,8
someone,45,8
cinnamon,45,8
foodie,45,8
yogurt,45,8
child,45,8
orange,44,8
knew,44,8
girl,44,8
inspired,44,8
pudding,44,8
fire,44,8
heat,44,8
july,44,8
fat,44,8
root,44,8
greatest,44,8
far,43,8
common,43,8
cereal,43,8
pot,43,8
meatball,43,8
matter,43,8
caramel,43,8
please,43,8
mayo,43,8
believe,43,8
farm,43,8
nacho,43,8
ginger,43,8
tool,42,8
hour,42,8
stock,42,8
produce,42,8
leave,42,8
dressing,42,8
eats,42,8
ramen,42,8
single,42,8
fancy,42,8
done,42,8
throw,42,8
exactly,41,8
pan,41,8
herb,41,8
sound,41,8
follow,41,8
say,790,9
people,772,9
attack,760,9
trump,730,9
president,674,9
year,664,9
said,657,9
new,632,9
country,628,9
world,614,9
state,557,9
one,531,9
north,512,9
korea,499,9
leader,466,9
killed,452,9
war,441,9
china,418,9
government,414,9
woman,389,9
syria,375,9
day,374,9
refugee,369,9
first,357,9
least,352,9
police,351,9
minister,351,9
russia,344,9
iran,343,9
two,341,9
right,318,9
election,318,9
syrian,315,9
may,315,9
military,311,9
official,309,9
south,307,9
isi,304,9
russian,301,9
force,297,9
city,285,9
time,283,9
could,277,9
turkey,275,9
group,272,9
week,271,9
child,271,9
israel,269,9
dead,259,9
death,254,9
last,248,9
prime,248,9
un,242,9
kill,242,9
would,242,9
nuclear,239,9
report,239,9
saudi,239,9
crisis,238,9
since,237,9
protest,230,9
international,224,9
many,222,9
american,220,9
deal,216,9
united,215,9
nation,214,9
month,212,9
fire,205,9
political,205,9
islamic,205,9
thousand,204,9
security,204,9
power,203,9
million,202,9
life,201,9
take,198,9
france,198,9
party,197,9
israeli,195,9
also,194,9
show,193,9
muslim,192,9
europe,191,9
violence,189,9
paris,188,9
u,184,9
vote,183,9
change,183,9
iraq,181,9
call,180,9
come,178,9
like,176,9
former,175,9
need,175,9
peace,173,9
end,171,9
ukraine,170,9
palestinian,170,9
policy,170,9
east,169,9
man,167,9
global,167,9
french,166,9
missile,166,9
putin,165,9
dozen,165,9
human,164,9
make,164,9
donald,164,9
migrant,163,9
law,161,9
strike,161,9
deadly,158,9
still,158,9
border,157,9
medium,154,9
back,153,9
part,151,9
conflict,150,9
get,147,9
india,146,9
middle,145,9
hit,144,9
korean,144,9
news,144,9
militant,144,9
near,143,9
home,143,9
way,142,9
authority,141,9
must,141,9
america,141,9
three,140,9
national,140,9
threat,140,9
sunday,139,9
killing,139,9
afghanistan,138,9
london,138,9
germany,137,9
plan,136,9
family,136,9
want,135,9
face,135,9
even,134,9
bombing,134,9
help,132,9
go,132,9
support,131,9
court,131,9
injured,130,9
amid,130,9
pakistan,129,9
civilian,129,9
arabia,129,9
foreign,128,9
myanmar,128,9
found,127,9
next,127,9
another,126,9
aleppo,126,9
european,125,9
move,125,9
obama,125,9
british,124,9
bomb,124,9
fight,123,9
aid,123,9
eu,123,9
chinese,122,9
mexico,121,9
hundred,121,9
yemen,121,9
philippine,120,9
talk,120,9
kim,120,9
greece,120,9
claim,119,9
ban,116,9
brexit,116,9
iraqi,115,9
turkish,115,9
without,114,9
climate,114,9
know,114,9
sea,114,9
around,114,9
washington,114,9
region,113,9
test,113,9
future,113,9
iranian,113,9
major,112,9
hope,111,9
protester,111,9
afghan,111,9
become,110,9
plane,110,9
case,110,9
brazil,110,9
weapon,109,9
air,108,9
hospital,108,9
top,108,9
africa,107,9
fear,107,9
uk,105,9
sanction,105,9
among,104,9
capital,104,9
crash,104,9
terror,103,9
japan,102,9
health,102,9
school,102,9
across,102,9
died,102,9
economic,102,9
blast,102,9
suicide,102,9
victim,102,9
history,101,9
missing,100,9
fighting,100,9
public,100,9
reuters,100,9
video,99,9
terrorism,98,9
rule,98,9
recent,98,9
activist,98,9
long,98,9
made,97,9
launch,97,9
corruption,97,9
reportedly,96,9
prison,96,9
tension,96,9
member,96,9
terrorist,96,9
suspect,96,9
campaign,95,9
effort,95,9
troop,95,9
presidential,94,9
decision,94,9
girl,94,9
work,94,9
administration,93,9
photo,93,9
mosul,93,9
set,92,9
street,92,9
yet,92,9
action,92,9
men,91,9
britain,91,9
ahead,91,9
german,91,9
social,91,9
referendum,91,9
shot,91,9
today,91,9
university,90,9
egypt,90,9
number,90,9
left,90,9
area,89,9
second,89,9
took,89,9
much,89,9
pope,89,9
rebel,89,9
parliament,89,9
rohingya,89,9
visit,88,9
battle,88,9
decade,88,9
opposition,88,9
union,87,9
far,87,9
leave,87,9
netanyahu,87,9
island,86,9
following,86,9
journalist,86,9
soldier,86,9
citizen,86,9
ally,86,9
see,86,9
arrested,86,9
find,86,9
past,85,9
army,85,9
taliban,85,9
called,85,9
abuse,85,9
look,84,9
cuba,84,9
including,83,9
win,83,9
earthquake,83,9
never,83,9
young,83,9
jong,83,9
house,82,9
several,82,9
despite,82,9
democracy,82,9
erdogan,82,9
nearly,81,9
accused,81,9
jerusalem,81,9
rise,81,9
le,81,9
arab,81,9
issue,81,9
place,80,9
gaza,80,9
latest,80,9
stop,80,9
town,80,9
target,80,9
system,80,9
march,79,9
five,79,9
flight,79,9
mass,79,9
community,79,9
camp,79,9
question,79,9
free,78,9
step,78,9
toll,78,9
coup,78,9
trade,78,9
soccer,77,9
responsibility,77,9
arrest,77,9
australia,77,9
venezuela,77,9
prince,76,9
west,76,9
crime,76,9
gas,76,9
hong,76,9
suspected,76,9
four,75,9
saturday,75,9
victory,75,9
put,75,9
team,75,9
expert,75,9
student,74,9
thing,74,9
worker,73,9
bill,73,9
challenge,73,9
six,73,9
massive,73,9
hold,73,9
northern,73,9
friday,73,9
summit,73,9
control,73,9
let,73,9
problem,73,9
incident,72,9
chief,72,9
monday,72,9
canada,72,9
car,72,9
greek,72,9
italy,72,9
airstrikes,72,9
politician,72,9
story,72,9
body,71,9
airport,71,9
explosion,71,9
kong,71,9
drug,71,9
wounded,71,9
mean,71,9
likely,71,9
head,70,9
good,70,9
give,70,9
used,70,9
big,70,9
open,70,9
ago,70,9
bomber,70,9
return,70,9
high,70,9
held,69,9
order,69,9
african,69,9
behind,69,9
use,68,9
warns,68,9
lead,68,9
meet,68,9
relation,68,9
western,68,9
response,68,9
role,68,9
going,68,9
outside,67,9
roundup,67,9
murder,66,9
already,66,9
eastern,66,9
australian,66,9
push,66,9
ap,66,9
duterte,66,9
water,65,9
organization,65,9
office,65,9
hour,65,9
forced,65,9
site,65,9
central,65,9
macron,65,9
investigation,65,9
assad,65,9
possible,65,9
better,65,9
white,64,9
qatar,64,9
building,64,9
operation,64,9
close,64,9
attempt,64,9
seen,64,9
defense,63,9
largest,63,9
charge,63,9
living,63,9
francis,63,9
trying,63,9
independence,63,9
meeting,62,9
came,62,9
oil,62,9
demand,62,9
mosque,62,9
center,62,9
embassy,62,9
ukrainian,61,9
inside,61,9
according,61,9
continue,61,9
taken,61,9
beijing,61,9
boat,61,9
key,61,9
others,61,9
local,60,9
reported,60,9
program,60,9
resident,60,9
survivor,60,9
ever,60,9
clear,60,9
agreement,60,9
economy,60,9
service,59,9
agency,59,9
council,59,9
rescue,59,9
coronavirus,59,9
majority,59,9
regime,59,9
dy,58,9
failed,58,9
historic,58,9
gunman,58,9
moment,58,9
known,58,9
condition,58,9
humanitarian,58,9
claimed,58,9
coalition,58,9
ceasefire,58,9
gulf,58,9
small,58,9
mark,57,9
tuesday,57,9
act,57,9
shooting,57,9
keep,57,9
attacker,57,9
fighter,57,9
lawmaker,57,9
result,57,9
general,57,9
well,57,9
new,801,10
business,776,10
year,745,10
company,721,10
time,632,10
one,612,10
people,572,10
job,538,10
tax,521,10
money,509,10
way,508,10
get,501,10
make,498,10
bank,461,10
credit,431,10
woman,425,10
work,423,10
american,416,10
need,407,10
financial,404,10
day,400,10
many,388,10
like,384,10
thing,370,10
wall,355,10
world,349,10
may,347,10
say,336,10
could,335,10
want,330,10
million,325,10
state,314,10
worker,299,10
would,298,10
pay,293,10
know,289,10
employee,284,10
ceo,283,10
said,281,10
life,277,10
best,276,10
customer,271,10
take,270,10
much,267,10
help,266,10
market,260,10
u,255,10
america,255,10
consumer,254,10
even,252,10
good,247,10
first,241,10
big,241,10
change,239,10
economy,238,10
come,234,10
card,234,10
right,234,10
still,231,10
report,229,10
last,228,10
percent,221,10
city,220,10
price,219,10
debt,219,10
home,216,10
plan,212,10
also,207,10
deal,201,10
cost,201,10
leader,198,10
go,197,10
week,196,10
find,196,10
think,196,10
social,194,10
back,192,10
billion,192,10
marketing,192,10
according,189,10
two,186,10
car,186,10
well,186,10
better,185,10
industry,184,10
really,184,10
health,184,10
buy,180,10
rate,175,10
month,171,10
great,170,10
every,169,10
country,167,10
service,167,10
loan,166,10
making,161,10
look,161,10
street,160,10
problem,158,10
sale,155,10
student,155,10
see,154,10
going,154,10
college,153,10
brand,151,10
show,149,10
investor,148,10
uber,148,10
economic,148,10
friday,147,10
president,147,10
success,147,10
store,146,10
family,146,10
account,146,10
important,146,10
use,145,10
federal,144,10
tip,144,10
entrepreneur,144,10
today,144,10
york,142,10
care,140,10
bad,140,10
often,140,10
le,139,10
executive,138,10
since,138,10
next,138,10
another,137,10
might,137,10
product,137,10
news,137,10
mean,135,10
mortgage,135,10
start,133,10
part,133,10
walmart,133,10
three,132,10
number,132,10
future,132,10
without,131,10
saving,131,10
end,131,10
board,131,10
black,130,10
step,130,10
growth,130,10
question,130,10
corporate,129,10
getting,127,10
reason,126,10
made,125,10
public,124,10
crisis,124,10
food,124,10
experience,124,10
trump,123,10
government,122,10
obama,122,10
never,120,10
keep,120,10
top,120,10
stock,119,10
holiday,119,10
let,119,10
data,119,10
leadership,119,10
lot,119,10
yet,118,10
bill,117,10
real,117,10
medium,117,10
career,117,10
labor,116,10
finance,116,10
give,116,10
income,116,10
become,115,10
strategy,115,10
recent,114,10
video,114,10
whether,114,10
five,114,10
around,114,10
score,113,10
personal,113,10
global,111,10
study,111,10
wage,110,10
least,110,10
free,110,10
save,110,10
retirement,110,10
office,110,10
stop,109,10
always,109,10
value,108,10
offer,108,10
major,108,10
opportunity,108,10
ca,108,10
long,108,10
little,108,10
law,107,10
put,107,10
working,106,10
story,106,10
rule,106,10
oil,105,10
high,105,10
past,104,10
spending,104,10
case,104,10
school,104,10
face,104,10
investment,103,10
small,103,10
hard,103,10
security,102,10
organization,102,10
insurance,102,10
others,101,10
group,101,10
ever,101,10
mistake,101,10
idea,101,10
benefit,100,10
successful,100,10
policy,98,10
risk,97,10
enough,97,10
create,97,10
lesson,97,10
actually,96,10
must,96,10
matter,95,10
share,95,10
avoid,95,10
fee,95,10
lead,95,10
dollar,95,10
startup,95,10
return,95,10
win,94,10
decision,94,10
interest,94,10
away,94,10
leave,94,10
united,94,10
cut,93,10
online,93,10
something,93,10
set,92,10
line,90,10
different,90,10
raise,90,10
team,90,10
tell,89,10
secret,89,10
feel,89,10
workplace,89,10
call,88,10
child,88,10
power,88,10
season,87,10
parent,87,10
likely,87,10
paid,87,10
taking,87,10
union,86,10
retailer,86,10
used,86,10
talk,86,10
man,86,10
everyone,86,10
result,86,10
founder,85,10
kid,85,10
biggest,85,10
point,84,10
issue,84,10
manager,84,10
looking,83,10
technology,83,10
however,83,10
move,82,10
wo,82,10
photo,82,10
survey,82,10
young,82,10
list,82,10
challenge,82,10
nearly,81,10
shopping,81,10
former,81,10
claim,81,10
four,81,10
told,81,10
fact,81,10
program,80,10
nonprofit,80,10
simple,80,10
increase,80,10
despite,79,10
average,79,10
men,79,10
got,79,10
turn,79,10
facebook,79,10
relationship,79,10
thinking,79,10
growing,79,10
impact,78,10
key,78,10
innovation,78,10
open,78,10
system,77,10
game,77,10
amazon,77,10
paying,77,10
budget,77,10
worst,77,10
housing,77,10
q,77,10
member,76,10
place,76,10
sure,76,10
old,76,10
trying,76,10
nation,76,10
lottery,76,10
learn,76,10
wrong,76,10
hit,75,10
order,75,10
advice,75,10
content,75,10
fall,75,10
thought,75,10
found,74,10
ask,74,10
easy,74,10
building,74,10
culture,74,10
unemployment,73,10
cash,73,10
minimum,73,10
spend,73,10
mind,73,10
process,72,10
fund,72,10
house,72,10
model,72,10
far,71,10
ago,71,10
higher,71,10
behind,71,10
probably,71,10
everything,71,10
china,71,10
largest,71,10
read,71,10
management,71,10
live,70,10
recently,70,10
someone,70,10
interview,70,10
buying,69,10
action,69,10
done,69,10
check,69,10
director,69,10
rich,69,10
private,69,10
common,69,10
love,69,10
level,68,10
irs,68,10
effort,68,10
human,68,10
investing,68,10
post,67,10
run,67,10
hour,67,10
national,67,10
early,67,10
reuters,67,10
class,67,10
gas,66,10
fed,66,10
across,66,10
build,66,10
energy,66,10
chief,66,10
owner,66,10
TRUE,66,10
already,66,10
summer,66,10
profit,65,10
local,65,10
trade,65,10
using,65,10
apple,65,10
age,65,10
reality,65,10
starting,65,10
recession,64,10
tech,64,10
practice,64,10
dream,64,10
climate,63,10
fear,63,10
history,63,10
clear,63,10
control,62,10
worth,62,10
firm,62,10
large,62,10
information,62,10
client,62,10
cause,61,10
fraud,61,10
tool,61,10
though,61,10
identity,61,10
latest,61,10
email,61,10
among,61,10
employer,61,10
twitter,60,10
fight,60,10
possible,60,10
meeting,60,10
washington,60,10
person,59,10
half,59,10
low,59,10
driver,59,10
california,59,10
coming,59,10
goal,59,10
lost,58,10
payment,58,10
bankruptcy,58,10
sign,58,10
called,58,10
corporation,58,10
role,58,10
professional,58,10
restaurant,58,10
difficult,58,10
skill,58,10
break,57,10
improve,57,10
answer,57,10
digital,57,10
bring,57,10
choice,57,10
paul,57,10
able,57,10
campaign,56,10
rise,56,10
nothing,56,10
education,56,10
settlement,56,10
donald,56,10
record,56,10
gap,56,10
living,56,10
including,55,10
community,55,10
scandal,55,10
ad,55,10
per,55,10
smart,55,10
focus,55,10
longer,54,10
legal,54,10
agency,54,10
happen,54,10
close,54,10
instead,54,10
approach,54,10
thanksgiving,54,10
selling,54,10
fiscal,54,10
six,53,10
continue,53,10
chain,53,10
refund,53,10
giant,53,10
google,53,10
internet,53,10
believe,53,10
planning,53,10
thousand,53,10
decade,53,10
support,53,10
based,53,10
trump,1274,11
donald,667,11
video,635,11
show,501,11
colbert,393,11
like,386,11
jimmy,363,11
new,337,11
one,332,11
get,331,11
night,325,11
stephen,318,11
time,311,11
bill,288,11
week,283,11
people,279,11
day,276,11
president,267,11
late,262,11
maher,253,11
host,250,11
thing,238,11
make,224,11
fallon,223,11
know,220,11
say,200,11
year,191,11
want,190,11
seth,187,11
live,186,11
meyers,179,11
noah,179,11
take,178,11
kimmel,178,11
best,177,11
photo,177,11
go,174,11
trevor,171,11
way,169,11
news,165,11
would,165,11
look,155,11
john,154,11
dog,153,11
watch,153,11
real,152,11
u,152,11
first,149,11
back,148,11
really,145,11
cat,137,11
comedian,135,11
white,134,11
twitter,133,11
last,126,11
spoof,125,11
love,125,11
world,122,11
could,121,11
comedy,121,11
ever,120,11
house,118,11
obama,118,11
even,117,11
every,117,11
think,116,11
see,116,11
going,114,11
guy,113,11
may,113,11
said,112,11
need,110,11
woman,110,11
give,108,11
got,107,11
oliver,107,11
life,105,11
right,105,11
ca,104,11
bee,103,11
let,102,11
talk,100,11
funny,99,11
much,99,11
tweet,98,11
saturday,97,11
little,97,11
never,96,11
man,95,11
friend,94,11
kid,93,11
christmas,93,11
james,91,11
daily,91,11
good,91,11
game,90,11
america,89,11
snl,88,11
movie,88,11
samantha,88,11
call,87,11
gop,87,11
still,86,11
joke,85,11
made,84,11
come,84,11
probably,84,11
something,83,11
also,82,11
lot,81,11
tv,80,11
stop,79,11
find,79,11
bad,79,11
election,79,11
word,78,11
hilarious,77,11
debate,77,11
better,77,11
romney,77,11
everyone,76,11
american,76,11
many,75,11
tell,75,11
well,75,11
clip,74,11
mock,73,11
perfect,73,11
mean,72,11
work,72,11
big,71,11
finally,70,11
conan,70,11
hillary,70,11
song,70,11
war,69,11
republican,69,11
internet,68,11
super,67,11
episode,67,11
note,67,11
weekend,66,11
parody,66,11
fox,66,11
corden,66,11
clinton,66,11
funniest,65,11
someone,65,11
question,65,11
help,65,11
thank,65,11
name,64,11
star,64,11
getting,64,11
reveals,64,11
turn,64,11
two,64,11
sketch,63,11
reason,63,11
update,62,11
fake,62,11
mitt,61,11
another,60,11
season,60,11
presidential,60,11
story,60,11
black,60,11
keep,59,11
halloween,59,11
speech,59,11
play,59,11
friday,59,11
ad,58,11
home,58,11
tonight,58,11
job,58,11
feel,58,11
picture,58,11
thought,57,11
everything,57,11
great,57,11
face,56,11
stewart,56,11
party,55,11
rip,55,11
fan,54,11
end,54,11
fun,54,11
pretty,54,11
hit,53,11
animal,53,11
actually,53,11
family,53,11
sure,53,11
open,52,11
michael,52,11
return,52,11
jon,51,11
fact,51,11
went,51,11
candidate,51,11
state,51,11
nothing,51,11
interview,51,11
facebook,51,11
via,51,11
medium,50,11
try,50,11
second,50,11
gun,50,11
holiday,50,11
baby,50,11
favorite,49,11
old,49,11
put,49,11
comment,49,11
wall,49,11
f,49,11
idea,48,11
moment,48,11
might,48,11
today,48,11
monologue,47,11
paul,47,11
mind,47,11
latest,47,11
hilariously,47,11
girl,47,11
kind,47,11
watching,46,11
took,46,11
change,46,11
totally,46,11
book,45,11
long,45,11
worst,45,11
around,45,11
impression,45,11
care,45,11
explains,44,11
person,44,11
baldwin,44,11
problem,44,11
enough,44,11
sound,44,11
food,43,11
least,43,11
oh,43,11
part,43,11
message,43,11
dad,43,11
thanksgiving,43,11
child,43,11
cold,42,11
answer,42,11
without,42,11
political,42,11
full,42,11
country,42,11
wrong,42,11
place,42,11
check,41,11
hard,41,11
bowl,41,11
read,40,11
making,40,11
david,40,11
hate,40,11
sean,40,11
actor,40,11
point,40,11
issue,40,11
campaign,40,11
claim,39,11
former,39,11
must,39,11
god,39,11
vote,39,11
trying,39,11
ryan,39,11
run,39,11
mike,39,11
office,39,11
sex,39,11
break,39,11
already,39,11
wo,39,11
die,39,11
always,39,11
chris,38,11
sander,38,11
head,38,11
hear,38,11
away,37,11
oscar,37,11
next,37,11
rule,37,11
share,37,11
list,37,11
steve,37,11
truth,37,11
meet,36,11
alec,36,11
laugh,36,11
anyone,36,11
start,36,11
human,36,11
reading,36,11
line,36,11
york,36,11
maybe,35,11
history,35,11
month,35,11
mom,35,11
sometimes,35,11
awkward,35,11
racist,34,11
member,34,11
imago,34,11
plan,34,11
case,34,11
democrat,34,11
shred,34,11
power,34,11
penny,34,11
far,34,11
school,34,11
pick,34,11
special,34,11
justin,34,11
short,34,11
le,33,11
award,33,11
audience,33,11
phone,33,11
looking,33,11
bernie,33,11
happy,33,11
sarah,33,11
film,33,11
stay,32,11
wait,32,11
putin,32,11
street,32,11
talking,32,11
money,32,11
dinner,32,11
jay,32,11
kate,31,11
told,31,11
tom,31,11
fails,31,11
troll,31,11
asks,31,11
giving,31,11
k,31,11
almost,31,11
win,31,11
advice,31,11
celebrity,31,11
prank,31,11
stupid,31,11
seen,31,11
saying,30,11
santa,30,11
men,30,11
honest,30,11
spicer,30,11
costume,30,11
fight,30,11
important,30,11
comic,30,11
mark,30,11
believe,30,11
whole,30,11
car,30,11
national,30,11
birthday,30,11
barack,30,11
puppy,30,11
since,30,11
writer,29,11
card,29,11
thanks,29,11
anything,29,11
secret,29,11
heart,29,11
surprise,29,11
taking,29,11
tax,29,11
sorry,28,11
mckinnon,28,11
three,28,11
along,28,11
coming,28,11
together,28,11
version,28,11
called,28,11
character,28,11
gift,28,11
found,28,11
slam,28,11
lie,28,11
set,28,11
nation,28,11
sense,28,11
happens,28,11
control,28,11
adorable,28,11
understand,27,11
ted,27,11
boy,27,11
summer,27,11
dating,27,11
used,27,11
hand,27,11
dead,27,11
use,27,11
response,27,11
city,27,11
air,27,11
terrible,27,11
series,27,11
eat,27,11
TRUE,27,11
act,27,11
father,27,11
cruz,26,11
cast,26,11
million,26,11
voter,26,11
press,26,11
different,26,11
drunk,26,11
came,26,11
valentine,26,11
awesome,26,11
yes,25,11
cool,25,11
team,25,11
music,25,11
done,25,11
sort,25,11
lady,25,11
yet,25,11
george,25,11
king,25,11
supporter,25,11
humor,25,11
ask,25,11
else,25,11
exactly,25,11
prof,25,11
imagine,25,11
jones,25,11
letterman,25,11
ready,25,11
remember,25,11
deal,25,11
instead,24,11
burn,24,11
wonder,24,11
chance,24,11
seems,24,11
warning,24,11
jeff,24,11
date,24,11
government,24,11
pay,24,11
sign,24,11
gay,24,11
kanye,24,11
suggests,24,11
wanted,24,11
bannon,24,11
sport,24,11
classic,24,11
musical,24,11
behind,24,11
pet,23,11
cute,23,11
minute,23,11
dance,23,11
saw,23,11
nail,23,11
honor,23,11
epic,23,11
climate,23,11
health,23,11
high,23,11
serious,23,11
apple,23,11
nightmare,23,11
become,23,11
weird,23,11
rock,23,11
scene,23,11
guest,23,11
kim,23,11
figure,23,11
game,578,12
player,474,12
team,471,12
nfl,453,12
win,336,12
sport,334,12
football,331,12
first,330,12
video,286,12
new,280,12
fan,280,12
world,271,12
olympic,263,12
one,262,12
say,253,12
nba,243,12
time,238,12
year,236,12
like,230,12
said,218,12
woman,211,12
olympics,210,12
coach,205,12
bowl,203,12
state,185,12
super,182,12
athlete,180,12
make,170,12
get,170,12
season,169,12
back,168,12
league,168,12
play,159,12
two,158,12
star,158,12
soccer,152,12
day,150,12
final,148,12
national,138,12
baseball,137,12
gold,137,12
james,125,12
even,124,12
week,122,12
look,120,12
lebron,119,12
college,119,12
former,118,12
take,118,12
best,118,12
way,117,12
basketball,117,12
thing,117,12
second,116,12
could,113,12
going,113,12
cup,112,12
want,111,12
ncaa,111,12
go,110,12
last,110,12
made,109,12
still,109,12
got,105,12
championship,105,12
history,103,12
medal,103,12
trump,103,12
good,103,12
watch,102,12
would,101,12
rio,101,12
live,99,12
series,97,12
people,97,12
american,97,12
life,96,12
york,96,12
face,96,12
think,95,12
man,94,12
quarterback,93,12
another,93,12
title,92,12
open,92,12
call,92,12
really,91,12
night,91,12
need,91,12
tiger,90,12
school,90,12
ever,88,12
field,88,12
high,88,12
come,85,12
brady,85,12
michael,84,12
sunday,83,12
right,83,12
may,83,12
record,82,12
tournament,82,12
espn,82,12
show,81,12
ball,81,12
goal,81,12
winter,81,12
curry,81,12
tom,80,12
hit,80,12
end,80,12
score,80,12
photo,79,12
beat,78,12
williams,78,12
put,78,12
u,77,12
city,77,12
three,76,12
know,76,12
let,76,12
saturday,76,12
major,75,12
kid,75,12
lead,74,12
point,74,12
champion,73,12
home,73,12
touchdown,73,12
wood,72,12
run,72,12
also,72,12
playoff,72,12
injury,72,12
head,72,12
round,72,12
top,71,12
shot,71,12
never,70,12
big,69,12
usa,68,12
great,67,12
start,66,12
patriot,66,12
mlb,65,12
event,65,12
warrior,65,12
kobe,64,12
third,64,12
move,63,12
love,63,12
return,63,12
fight,62,12
give,62,12
four,62,12
since,62,12
men,61,12
match,61,12
story,61,12
every,60,12
report,60,12
stadium,60,12
change,60,12
see,60,12
victory,59,12
hockey,59,12
career,58,12
moment,58,12
young,58,12
police,58,12
much,58,12
manning,58,12
bryant,57,12
giant,57,12
many,57,12
loss,56,12
president,56,12
making,56,12
pro,55,12
better,55,12
update,55,12
took,54,12
abuse,54,12
playing,54,12
violence,54,12
little,54,12
fifa,54,12
los,53,12
sexual,53,12
talk,53,12
hope,53,12
san,53,12
away,53,12
death,52,12
cleveland,52,12
twitter,52,12
winning,52,12
green,52,12
anthem,52,12
angeles,51,12
wo,51,12
hall,51,12
without,51,12
next,51,12
protest,51,12
donald,51,12
well,51,12
catch,51,12
race,50,12
name,50,12
united,50,12
bill,50,12
set,49,12
nassar,49,12
reason,49,12
went,49,12
guy,49,12
might,49,12
peyton,49,12
manziel,49,12
university,48,12
keep,48,12
stephen,48,12
reportedly,48,12
lost,48,12
real,48,12
million,47,12
long,47,12
teammate,47,12
tennis,47,12
smith,47,12
pay,47,12
nothing,47,12
michigan,47,12
dunk,47,12
brown,46,12
place,46,12
told,46,12
course,46,12
ryan,46,12
serena,46,12
kaepernick,46,12
help,46,12
draft,45,12
washington,45,12
mike,45,12
around,45,12
winner,45,12
feel,45,12
scandal,45,12
pitcher,44,12
slam,44,12
doping,44,12
month,44,12
kevin,44,12
finally,43,12
russell,43,12
carolina,43,12
dead,43,12
john,43,12
russian,43,12
case,43,12
king,43,12
america,43,12
break,43,12
eagle,43,12
roger,42,12
owner,42,12
family,42,12
legend,42,12
part,42,12
official,42,12
domestic,42,12
north,42,12
seahawks,42,12
something,42,12
jordan,42,12
mets,42,12
golf,41,12
suspended,41,12
everyone,41,12
lakers,41,12
perfect,41,12
tim,41,12
tweet,41,12
charge,40,12
wrong,40,12
upset,40,12
colin,40,12
greg,40,12
friday,40,12
concussion,40,12
ca,39,12
son,39,12
called,39,12
march,39,12
news,39,12
hard,39,12
getting,39,12
money,39,12
shooting,39,12
performance,39,12
johnny,39,12
ad,39,12
dodger,38,12
dy,38,12
ceremony,38,12
bronco,38,12
five,38,12
came,38,12
figure,38,12
pull,38,12
conference,38,12
victim,38,12
phelps,38,12
alabama,38,12
among,38,12
rule,38,12
yet,38,12
half,38,12
fantasy,38,12
played,37,12
black,37,12
stand,37,12
stop,37,12
child,37,12
jersey,37,12
chance,37,12
defeat,37,12
white,37,12
father,37,12
larry,37,12
country,37,12
ray,37,12
host,37,12
pretty,37,12
work,37,12
throw,37,12
florida,37,12
chris,37,12
number,36,12
free,36,12
fame,36,12
court,36,12
chicago,36,12
fun,36,12
gymnastics,36,12
club,36,12
word,36,12
pick,36,12
texas,36,12
pas,35,12
kentucky,35,12
running,35,12
whether,35,12
louis,35,12
behind,35,12
hero,35,12
problem,35,12
line,35,12
professional,34,12
boston,34,12
bad,34,12
olympian,34,12
past,34,12
already,34,12
claim,34,12
south,34,12
female,34,12
philadelphia,34,12
left,34,12
johnson,34,12
madness,34,12
lot,34,12
late,34,12
sign,34,12
gif,34,12
died,33,12
become,33,12
rookie,33,12
reporter,33,12
post,33,12
yankee,33,12
decision,33,12
greatest,33,12
wild,33,12
question,33,12
today,33,12
goodell,33,12
cam,33,12
crash,32,12
medium,32,12
houston,32,12
tell,32,12
francisco,32,12
commissioner,32,12
far,32,12
thought,32,12
raven,32,12
interview,32,12
actually,32,12
found,32,12
ready,32,12
ohio,32,12
mvp,31,12
meet,31,12
russia,31,12
opening,31,12
minute,31,12
probably,31,12
kick,31,12
dream,31,12
golden,31,12
internet,31,12
assault,31,12
issue,31,12
turn,31,12
investigation,31,12
brain,31,12
colt,31,12
girl,31,12
center,31,12
biggest,31,12
matt,31,12
tebow,31,12
newton,31,12
accused,30,12
paul,30,12
notre,30,12
dame,30,12
djokovic,30,12
became,30,12
arrested,30,12
message,30,12
friend,30,12
miami,30,12
finish,30,12
hand,30,12
comment,30,12
brazil,30,12
society,30,12
lochte,30,12
suspension,29,12
qb,29,12
daughter,29,12
health,29,12
drug,29,12
ban,29,12
attack,29,12
following,29,12
simone,29,12
old,29,12
steph,29,12
committee,29,12
battle,29,12
watching,29,12
always,29,12
redskin,29,12
defense,29,12
matter,29,12
via,29,12
age,28,12
panther,28,12
miss,28,12
red,28,12
continues,28,12
trying,28,12
ticket,28,12
least,28,12
safety,28,12
bile,28,12
latest,28,12
jet,28,12
adam,28,12
ago,28,12
la,27,12
training,27,12
wife,27,12
ali,27,12
enough,27,12
lose,27,12
david,27,12
highlight,27,12
reach,27,12
cowboy,27,12
andrew,27,12
classic,27,12
heart,27,12
nhl,27,12
contract,27,12
follow,27,12
ronda,27,12
rousey,27,12
amazing,27,12
hardy,27,12
grand,26,12
muhammad,26,12
novak,26,12
used,26,12
nearly,26,12
home,1776,13
photo,1659,13
idea,584,13
day,550,13
make,522,13
house,450,13
video,430,13
new,411,13
one,398,13
way,376,13
u,359,13
craft,359,13
tip,325,13
get,307,13
diy,296,13
time,287,13
like,284,13
design,284,13
room,255,13
space,240,13
look,240,13
say,239,13
check,238,13
something,238,13
best,231,13
pinterest,228,13
find,215,13
thing,211,13
year,199,13
designer,194,13
living,193,13
know,190,13
kitchen,190,13
need,185,13
decor,185,13
color,184,13
easy,183,13
week,181,13
holiday,180,13
gift,180,13
great,176,13
love,171,13
clean,165,13
want,165,13
sure,165,13
party,160,13
little,159,13
take,157,13
see,156,13
vintage,148,13
furniture,141,13
life,140,13
spring,139,13
twitter,138,13
facebook,138,13
cleaning,137,13
show,136,13
style,134,13
small,132,13
real,130,13
huffpost,130,13
story,130,13
favorite,128,13
sale,127,13
even,127,13
garden,127,13
place,125,13
weekend,125,13
come,123,13
would,123,13
plant,123,13
think,122,13
table,121,13
right,120,13
go,120,13
project,120,13
interior,119,13
perfect,118,13
may,117,13
summer,117,13
simple,115,13
use,114,13
many,114,13
create,114,13
good,113,13
beautiful,112,13
people,109,13
keep,108,13
inside,108,13
email,107,13
season,106,13
much,106,13
help,105,13
first,104,13
wall,103,13
every,103,13
could,103,13
paint,100,13
always,100,13
made,100,13
country,99,13
instagram,99,13
homesubmissions,98,13
apartment,96,13
old,95,13
read,94,13
really,94,13
around,93,13
tumblr,93,13
decorating,93,13
address,93,13
sent,93,13
pr,92,13
tour,92,13
tiny,91,13
pitch,91,13
work,90,13
without,90,13
item,90,13
bathroom,90,13
city,89,13
better,88,13
slideshow,87,13
ever,86,13
flower,86,13
outdoor,86,13
back,85,13
bedroom,85,13
big,84,13
watch,83,13
us,83,13
family,82,13
might,81,13
pretty,81,13
turn,81,13
fun,80,13
store,80,13
set,79,13
le,79,13
let,79,13
hot,78,13
inspiration,78,13
christmas,77,13
light,77,13
art,77,13
give,76,13
using,76,13
cool,76,13
last,75,13
amazing,75,13
live,75,13
ebay,75,13
market,74,13
top,73,13
york,73,13
guide,73,13
add,72,13
piece,72,13
looking,72,13
netflix,71,13
free,71,13
feel,71,13
worth,71,13
estate,71,13
halloween,70,13
well,70,13
never,70,13
two,69,13
valentine,69,13
friend,67,13
paper,67,13
magazine,67,13
full,66,13
fix,66,13
fall,65,13
also,64,13
getting,64,13
product,64,13
guest,64,13
buy,64,13
list,64,13
head,64,13
roundup,64,13
change,63,13
share,63,13
follow,62,13
mean,62,13
dream,61,13
lot,61,13
whether,61,13
gorgeous,61,13
making,61,13
part,61,13
creative,61,13
across,61,13
put,60,13
buying,60,13
click,60,13
sprout,60,13
price,59,13
trick,59,13
money,59,13
world,59,13
stylish,59,13
tree,58,13
unique,58,13
actually,58,13
trend,58,13
weekly,58,13
found,57,13
book,57,13
million,57,13
kid,57,13
office,56,13
going,56,13
start,56,13
everything,56,13
bed,55,13
got,55,13
still,55,13
white,55,13
remove,55,13
decoration,54,13
according,54,13
modern,54,13
away,54,13
next,54,13
water,54,13
movie,53,13
try,53,13
makeover,53,13
spend,52,13
ready,52,13
thought,52,13
long,52,13
collection,52,13
popular,51,13
bring,51,13
everyone,51,13
repurposing,51,13
california,50,13
backyard,50,13
save,50,13
move,50,13
though,50,13
stunning,49,13
floor,49,13
architect,49,13
entertaining,49,13
feature,49,13
closet,48,13
card,48,13
fabric,48,13
ca,48,13
moving,48,13
reason,48,13
build,48,13
enjoy,47,13
candle,46,13
artist,46,13
often,46,13
seen,46,13
secret,46,13
dining,46,13
mother,45,13
wo,45,13
bar,45,13
almost,45,13
america,45,13
craigslist,45,13
storage,44,13
matter,44,13
organized,44,13
question,44,13
shopping,43,13
account,43,13
beach,43,13
glass,43,13
throw,43,13
important,43,13
today,43,13
coffee,43,13
three,43,13
weather,43,13
expert,42,13
mind,42,13
another,42,13
chair,42,13
minute,42,13
visit,42,13
green,42,13
bright,42,13
appraises,42,13
homemade,42,13
black,41,13
star,41,13
fresh,41,13
wood,41,13
different,41,13
since,41,13
winter,41,13
tell,41,13
pinner,41,13
men,40,13
yet,40,13
probably,40,13
definitely,40,13
inspired,40,13
chic,40,13
anything,40,13
mansion,40,13
easter,40,13
door,39,13
enough,39,13
case,39,13
learn,39,13
blogger,39,13
colorful,38,13
dog,38,13
especially,38,13
shop,38,13
rule,38,13
organizing,38,13
bag,38,13
sometimes,38,13
box,38,13
five,37,13
woman,37,13
weird,37,13
night,37,13
decorate,37,13
designed,37,13
fabulous,37,13
awesome,37,13
stylelist,37,13
pet,36,13
end,36,13
online,36,13
stuff,36,13
nothing,36,13
totally,36,13
july,35,13
stain,35,13
issue,35,13
household,35,13
window,35,13
cost,35,13
building,35,13
american,35,13
used,35,13
decorator,35,13
company,35,13
adorable,35,13
contemporary,35,13
together,34,13
patio,34,13
consider,34,13
etsy,34,13
bit,34,13
bad,34,13
listing,34,13
lighting,34,13
thanksgiving,34,13
studio,34,13
essential,33,13
warm,33,13
budget,33,13
ikea,33,13
finally,33,13
view,33,13
car,33,13
couple,33,13
common,33,13
TRUE,33,13
care,32,13
clothes,32,13
expensive,32,13
luxury,32,13
material,32,13
chance,32,13
cut,32,13
stay,32,13
side,32,13
pillow,32,13
fan,31,13
leave,31,13
past,31,13
hgtv,31,13
spot,31,13
high,31,13
open,31,13
plastic,31,13
host,31,13
completely,31,13
unusual,31,13
tutorial,31,13
property,31,13
neighbor,31,13
clever,30,13
thinking,30,13
problem,30,13
appliance,30,13
become,30,13
tv,30,13
school,30,13
air,30,13
painting,30,13
step,30,13
offer,30,13
town,30,13
fit,30,13
fashion,30,13
ad,30,13
bath,29,13
deal,29,13
fire,29,13
happy,29,13
mistake,29,13
whole,29,13
taking,29,13
hour,29,13
surprising,29,13
reveals,29,13
already,29,13
jar,29,13
wallpaper,29,13
selling,29,13
said,29,13
line,29,13
bottle,29,13
homeowner,29,13
hint,29,13
pick,29,13
peek,29,13
container,29,13
custommade,29,13
hair,28,13
clutter,28,13
laundry,28,13
jonathan,28,13
wish,28,13
bought,28,13
incredible,28,13
renovation,28,13
nate,28,13
berkus,28,13
festive,28,13
sign,28,13
creating,28,13
kind,28,13
plan,28,13
dish,28,13
tape,28,13
easily,28,13
call,27,13
hit,27,13
behind,27,13
egg,27,13
built,27,13
yes,27,13
architectural,27,13
unexpected,27,13
update,27,13
pool,27,13
recently,27,13
eclectic,27,13
rid,27,13
shoe,27,13
tool,27,13
food,27,13
adler,27,13
featured,27,13
celebrity,27,13
key,27,13
supply,26,13
talk,26,13
toilet,26,13
course,26,13
four,26,13
wine,26,13
experience,26,13
easier,26,13
anyone,26,13
eye,26,13
page,26,13
front,26,13
display,26,13
ask,26,13
touch,26,13
los,26,13
present,26,13
man,26,13
island,26,13
bowl,26,13
stewart,26,13
baby,26,13
cabinet,26,13
pumpkin,26,13
accessory,26,13
cleaner,25,13
new,612,14
apple,416,14
facebook,339,14
video,322,14
may,309,14
one,296,14
say,286,14
year,270,14
could,268,14
google,262,14
space,260,14
scientist,254,14
time,249,14
study,228,14
world,227,14
week,223,14
people,219,14
science,218,14
nasa,199,14
get,195,14
company,193,14
show,187,14
life,184,14
twitter,181,14
first,180,14
iphone,176,14
make,174,14
like,174,14
photo,172,14
way,166,14
help,153,14
earth,151,14
social,145,14
look,145,14
planet,145,14
tech,142,14
u,138,14
human,137,14
data,134,14
want,133,14
said,131,14
day,131,14
million,130,14
take,129,14
thing,128,14
know,126,14
internet,126,14
mar,125,14
woman,118,14
big,117,14
technology,116,14
see,112,14
researcher,111,14
would,110,14
research,110,14
phone,108,14
even,107,14
moon,106,14
online,105,14
find,105,14
need,103,14
back,102,14
change,101,14
many,99,14
watch,98,14
might,98,14
user,97,14
go,96,14
two,94,14
last,93,14
brain,92,14
much,92,14
still,91,14
use,91,14
medium,90,14
right,88,14
app,88,14
work,88,14
future,88,14
news,87,14
also,87,14
found,85,14
star,84,14
service,83,14
think,83,14
around,82,14
amazon,80,14
launch,79,14
suggests,79,14
image,78,14
made,78,14
best,78,14
game,77,14
good,76,14
device,75,14
american,75,14
billion,75,14
rumor,75,14
system,73,14
solar,73,14
another,73,14
come,73,14
plan,72,14
better,72,14
black,71,14
car,69,14
ever,69,14
site,68,14
mission,66,14
top,66,14
giant,65,14
computer,65,14
really,64,14
report,63,14
privacy,63,14
well,63,14
used,62,14
microsoft,62,14
next,62,14
going,61,14
give,61,14
deal,61,14
question,60,14
network,60,14
case,60,14
astronaut,59,14
face,59,14
problem,59,14
rocket,58,14
government,58,14
little,58,14
today,58,14
actually,57,14
let,57,14
digital,57,14
story,57,14
ceo,56,14
long,56,14
month,56,14
never,56,14
part,55,14
galaxy,55,14
climate,55,14
kid,55,14
city,55,14
man,54,14
ancient,54,14
lot,54,14
published,53,14
getting,53,14
light,53,14
mobile,53,14
samsung,53,14
search,52,14
turn,52,14
water,52,14
share,51,14
home,51,14
using,51,14
york,51,14
friday,51,14
animal,51,14
idea,51,14
ipad,51,14
end,51,14
robot,51,14
thought,50,14
instagram,49,14
number,49,14
hacker,49,14
set,49,14
every,49,14
feature,48,14
secret,48,14
major,48,14
yet,48,14
without,48,14
live,48,14
mark,47,14
record,47,14
security,47,14
business,47,14
possible,47,14
great,47,14
move,47,14
universe,47,14
save,47,14
friend,47,14
ago,47,14
rover,46,14
second,46,14
uber,46,14
update,46,14
global,46,14
according,46,14
seen,46,14
state,46,14
astronomer,46,14
telescope,45,14
spacecraft,45,14
mean,45,14
web,45,14
project,45,14
product,45,14
history,44,14
scientific,44,14
ca,44,14
discovered,44,14
result,43,14
expert,43,14
called,43,14
le,43,14
got,43,14
consumer,43,14
wo,43,14
follow,43,14
information,42,14
five,42,14
making,42,14
old,42,14
love,42,14
fact,42,14
job,42,14
latest,42,14
call,41,14
post,41,14
war,41,14
high,41,14
working,41,14
youtube,41,14
valley,41,14
public,41,14
event,41,14
cell,41,14
sky,40,14
believe,40,14
attack,40,14
talk,40,14
dinosaur,40,14
team,40,14
something,40,14
coming,40,14
read,40,14
keep,40,14
sun,40,14
china,39,14
asteroid,39,14
ad,39,14
power,39,14
evolution,39,14
able,39,14
place,39,14
everyone,39,14
health,39,14
fbi,39,14
small,39,14
program,38,14
probably,38,14
content,38,14
pay,38,14
software,38,14
soon,38,14
station,38,14
percent,38,14
food,38,14
hit,38,14
step,38,14
california,38,14
tv,38,14
alien,38,14
past,38,14
bad,38,14
red,38,14
three,38,14
start,37,14
group,37,14
free,37,14
stop,37,14
view,37,14
key,37,14
real,37,14
map,37,14
night,36,14
already,36,14
issue,36,14
looking,36,14
evidence,36,14
amazing,36,14
silicon,36,14
age,36,14
name,35,14
create,35,14
america,35,14
put,35,14
tweet,35,14
least,35,14
recent,35,14
reality,35,14
away,35,14
fight,35,14
offer,35,14
agency,34,14
surface,34,14
money,34,14
apps,34,14
zuckerberg,34,14
control,34,14
account,34,14
reason,34,14
rule,34,14
dark,34,14
cyber,34,14
men,34,14
san,34,14
mind,34,14
popular,33,14
across,33,14
policy,33,14
object,33,14
dna,33,14
tell,33,14
since,33,14
known,33,14
ocean,33,14
memory,33,14
behind,33,14
particle,33,14
white,32,14
finding,32,14
parent,32,14
check,32,14
child,32,14
risk,32,14
hour,32,14
hole,32,14
industry,32,14
national,32,14
smartphone,32,14
netflix,32,14
website,31,14
far,31,14
orbit,31,14
international,31,14
fossil,31,14
mystery,31,14
book,31,14
stem,31,14
curiosity,31,14
university,31,14
matter,31,14
law,31,14
likely,30,14
access,30,14
whether,30,14
screen,30,14
startup,30,14
heart,30,14
customer,30,14
drone,30,14
pretty,30,14
different,30,14
effort,30,14
point,30,14
yahoo,30,14
patent,30,14
play,29,14
rock,29,14
specie,29,14
enough,29,14
cloud,29,14
given,29,14
including,29,14
jupiter,29,14
hack,29,14
open,29,14
death,29,14
court,29,14
discovery,29,14
among,29,14
inside,29,14
huge,29,14
satellite,29,14
action,29,14
eclipse,29,14
female,29,14
test,29,14
answer,29,14
important,29,14
sound,29,14
bill,29,14
date,28,14
sea,28,14
hold,28,14
announced,28,14
hope,28,14
prize,28,14
lawsuit,28,14
hard,28,14
everything,28,14
sleep,28,14
size,28,14
eye,28,14
kind,28,14
baby,28,14
experience,28,14
whale,28,14
form,28,14
unconfirmed,28,14
employee,27,14
though,27,14
center,27,14
build,27,14
driver,27,14
android,27,14
almost,27,14
camera,27,14
finally,27,14
simple,27,14
official,27,14
body,27,14
buy,27,14
welcome,27,14
young,27,14
smartphones,27,14
often,26,14
russian,26,14
bird,26,14
try,26,14
others,26,14
person,26,14
early,26,14
biggest,26,14
probe,26,14
trump,26,14
community,26,14
cut,26,14
monday,26,14
ready,26,14
tim,26,14
building,26,14
head,26,14
understand,26,14
virtual,26,14
always,25,14
musk,25,14
large,25,14
left,25,14
four,25,14
note,25,14
teen,25,14
family,25,14
air,25,14
learn,25,14
travel,25,14
become,25,14
neil,25,14
full,25,14
spacex,25,14
meet,25,14
surprising,25,14
protect,25,14
movie,25,14
glass,25,14
told,25,14
sure,25,14
march,25,14
tool,25,14
stock,25,14
guy,25,14
return,25,14
reuters,25,14
nothing,25,14
mini,25,14
platform,24,14
rare,24,14
drug,24,14
flight,24,14
close,24,14
school,24,14
word,24,14
relationship,24,14
taken,24,14
release,24,14
personal,24,14
cat,24,14
former,24,14
sense,24,14
market,24,14
saturn,24,14
model,24,14
journal,24,14
largest,24,14
break,24,14
cook,24,14
link,24,14
massive,24,14
country,24,14
pluto,24,14
house,24,14
together,24,14
wedding,3528,15
marriage,790,15
photo,731,15
couple,723,15
day,623,15
bride,584,15
one,478,15
video,444,15
married,444,15
love,433,15
dress,392,15
get,358,15
year,311,15
proposal,310,15
make,298,15
keep,294,15
way,287,15
check,278,15
thing,262,15
planning,262,15
time,261,15
like,256,15
big,254,15
huffpost,252,15
know,242,15
new,233,15
want,227,15
facebook,225,15
ring,222,15
engagement,220,15
touch,218,15
guest,214,15
say,205,15
twitter,204,15
bridal,203,15
first,202,15
life,189,15
pinterest,187,15
got,182,15
best,181,15
groom,180,15
idea,175,15
friend,174,15
people,172,15
take,172,15
woman,171,15
look,166,15
many,159,15
u,156,15
tip,154,15
husband,152,15
even,152,15
relationship,152,15
getting,151,15
engaged,149,15
would,147,15
may,146,15
celebrity,144,15
think,144,15
need,140,15
go,139,15
last,137,15
gown,136,15
real,136,15
come,135,15
every,135,15
cake,133,15
wife,132,15
question,132,15
see,130,15
trend,128,15
knot,127,15
two,126,15
man,123,15
find,123,15
weekend,123,15
right,119,15
never,116,15
ceremony,115,15
said,115,15
really,114,15
show,111,15
much,110,15
reason,110,15
slideshow,110,15
party,109,15
going,108,15
help,107,15
moment,106,15
good,106,15
plan,106,15
little,105,15
together,104,15
click,104,15
family,103,15
top,101,15
told,99,15
story,98,15
bridesmaid,97,15
style,97,15
could,96,15
sex,96,15
share,95,15
date,95,15
star,92,15
night,91,15
honeymoon,91,15
week,88,15
perfect,88,15
something,86,15
reader,86,15
work,85,15
marry,84,15
let,83,15
talk,83,15
tell,83,15
spouse,83,15
ever,82,15
season,82,15
feel,82,15
still,80,15
also,79,15
mean,78,15
world,78,15
happy,78,15
part,77,15
yes,77,15
give,76,15
advice,76,15
month,76,15
planner,75,15
lot,75,15
long,75,15
back,74,15
men,74,15
dream,73,15
might,73,15
cost,72,15
important,72,15
everyone,71,15
secret,71,15
girl,70,15
gift,70,15
favorite,70,15
always,70,15
better,69,15
great,68,15
photographer,68,15
nuptials,68,15
beautiful,67,15
made,65,15
someone,65,15
ca,65,15
white,63,15
well,63,15
watch,63,15
flower,63,15
inspiration,62,15
money,62,15
detail,62,15
girlfriend,62,15
reception,62,15
making,61,15
wear,61,15
name,61,15
romantic,60,15
pop,60,15
gay,60,15
place,59,15
surprise,59,15
event,59,15
dance,59,15
holiday,59,15
home,59,15
asked,59,15
put,59,15
list,59,15
found,59,15
vow,58,15
set,58,15
newlywed,58,15
stress,58,15
read,58,15
whether,57,15
anniversary,57,15
study,57,15
le,57,15
fun,56,15
designer,56,15
thought,56,15
tied,56,15
york,56,15
often,56,15
fall,56,15
person,55,15
around,55,15
ask,55,15
budget,55,15
valentine,55,15
kid,54,15
easy,54,15
three,54,15
according,54,15
live,54,15
online,54,15
met,54,15
sure,53,15
believe,53,15
via,53,15
away,53,15
invitation,53,15
without,53,15
special,53,15
start,53,15
everything,52,15
game,52,15
aisle,52,15
summer,52,15
sometimes,51,15
news,51,15
looking,50,15
recently,50,15
reveals,50,15
rule,50,15
mother,50,15
partner,49,15
end,49,15
honor,48,15
guide,48,15
five,48,15
photography,48,15
spring,47,15
tradition,47,15
actually,47,15
movie,47,15
remember,47,15
another,47,15
different,47,15
wanted,47,15
song,47,15
tv,46,15
turn,46,15
venue,46,15
try,46,15
next,45,15
survey,45,15
kiss,45,15
seems,45,15
sign,44,15
TRUE,44,15
etiquette,44,15
city,44,15
pretty,44,15
avoid,44,15
today,43,15
word,43,15
old,43,15
expert,43,15
dating,43,15
gorgeous,43,15
destination,43,15
learned,42,15
experience,42,15
heart,42,15
nothing,42,15
bad,42,15
though,41,15
change,41,15
sweet,41,15
deal,41,15
open,41,15
choose,41,15
seen,40,15
unique,40,15
tie,40,15
future,40,15
social,40,15
red,40,15
guy,39,15
diamond,39,15
dog,39,15
knew,39,15
matter,39,15
shower,38,15
picture,38,15
celebration,38,15
enough,38,15
consider,38,15
yet,38,15
propose,38,15
save,38,15
post,38,15
went,37,15
fan,37,15
took,37,15
magazine,37,15
wrong,37,15
mom,37,15
parent,37,15
face,37,15
amazing,37,15
stop,37,15
maybe,37,15
marrying,37,15
creative,37,15
especially,37,15
food,37,15
since,37,15
must,36,15
fashion,36,15
kind,36,15
wo,36,15
fact,36,15
medium,36,15
thinking,36,15
shopping,36,15
loved,35,15
note,35,15
rest,35,15
dad,35,15
spend,35,15
revealed,35,15
bachelorette,35,15
feeling,35,15
boyfriend,35,15
music,35,15
registry,35,15
diy,35,15
flash,35,15
almost,34,15
create,34,15
forget,34,15
father,34,15
walk,34,15
color,34,15
child,34,15
single,34,15
become,34,15
probably,34,15
book,34,15
later,33,15
collection,33,15
call,33,15
choosing,33,15
six,33,15
spent,33,15
include,33,15
common,33,15
report,33,15
invite,33,15
morning,33,15
daughter,33,15
bouquet,33,15
percent,33,15
stay,33,15
speech,33,15
romance,32,15
already,32,15
learn,32,15
full,32,15
problem,32,15
celebrate,32,15
state,32,15
came,32,15
else,32,15
band,32,15
finding,32,15
mob,32,15
high,31,15
case,31,15
cut,31,15
quite,31,15
hard,31,15
proposed,31,15
personal,31,15
others,31,15
singer,31,15
hair,31,15
instead,31,15
expect,30,15
pick,30,15
ago,30,15
traditional,30,15
awkward,30,15
funny,30,15
baby,30,15
hand,30,15
anything,30,15
whole,29,15
lost,29,15
popular,29,15
least,29,15
reality,29,15
kate,29,15
shoe,29,15
point,29,15
research,29,15
country,29,15
done,29,15
behind,29,15
option,29,15
eye,29,15
crazy,29,15
green,29,15
tying,29,15
exactly,29,15
beauty,29,15
film,29,15
credit,28,15
use,28,15
decided,28,15
chance,28,15
heard,28,15
sunday,28,15
modern,28,15
bit,28,15
feature,28,15
including,28,15
inspired,28,15
american,28,15
memorable,28,15
affair,28,15
july,28,15
school,27,15
expensive,27,15
started,27,15
wang,27,15
blue,27,15
happens,27,15
anyone,27,15
past,27,15
mind,27,15
known,27,15
wed,27,15
head,27,15
truth,27,15
offer,27,15
posted,27,15
design,27,15
cute,27,15
used,27,15
taking,27,15
small,27,15
age,26,15
course,26,15
monday,26,15
enjoy,26,15
talking,26,15
young,26,15
hear,26,15
wish,26,15
step,26,15
hold,26,15
simple,26,15
biggest,26,15
process,26,15
proposes,26,15
answer,26,15
actress,26,15
hour,25,15
truly,25,15
hope,25,15
vera,25,15
hot,25,15
second,25,15
along,25,15
called,25,15
infographic,25,15
obama,25,15
piece,25,15
likely,25,15
finally,25,15
job,25,15
national,25,15
changing,25,15
choice,25,15
business,25,15
fight,25,15
death,25,15
coming,25,15
vintage,25,15
worst,25,15
industry,25,15
toast,25,15
shot,25,15
decision,24,15
la,24,15
lady,24,15
winter,24,15
marital,24,15
free,24,15
buy,24,15
hollywood,24,15
user,23,15
beach,23,15
kellee,23,15
khalil,23,15
table,23,15
shop,23,15
bring,23,15
climate,830,16
change,502,16
animal,434,16
week,391,16
new,357,16
photo,328,16
year,317,16
world,315,16
dog,296,16
one,288,16
people,250,16
water,238,16
day,226,16
energy,215,16
state,215,16
time,204,16
video,203,16
could,193,16
oil,188,16
california,180,16
global,174,16
last,171,16
life,170,16
say,170,16
like,165,16
weather,164,16
storm,163,16
u,162,16
make,161,16
may,156,16
hurricane,155,16
need,151,16
way,149,16
home,147,16
take,146,16
first,144,16
national,141,16
trump,139,16
environmental,136,16
get,128,16
earth,128,16
elephant,127,16
baby,126,16
show,120,16
said,119,16
would,119,16
city,118,16
big,117,16
clean,115,16
american,114,16
many,114,16
extreme,114,16
food,113,16
two,113,16
sea,111,16
ocean,111,16
nature,111,16
human,109,16
find,105,16
power,102,16
green,102,16
coal,102,16
even,102,16
future,102,16
good,101,16
gas,99,16
right,99,16
specie,98,16
thing,98,16
zoo,96,16
help,96,16
great,95,16
planet,95,16
country,94,16
know,94,16
around,94,16
fuel,93,16
warming,93,16
million,93,16
mother,93,16
cat,92,16
part,91,16
industry,91,16
news,91,16
pipeline,91,16
park,89,16
company,88,16
come,88,16
pet,88,16
carbon,88,16
fire,87,16
look,86,16
see,86,16
health,86,16
study,84,16
still,84,16
president,83,16
story,83,16
go,82,16
scientist,82,16
back,82,16
save,82,16
found,81,16
much,81,16
public,80,16
also,80,16
wildfire,80,16
action,79,16
want,79,16
air,78,16
whale,78,16
wild,78,16
little,78,16
puppy,78,16
america,77,16
obama,77,16
record,76,16
bear,75,16
report,75,16
environment,75,16
death,73,16
protect,73,16
plan,73,16
community,73,16
fossil,71,16
keystone,71,16
love,71,16
wildlife,70,16
percent,70,16
work,69,16
across,69,16
nation,69,16
natural,69,16
crisis,68,16
pollution,68,16
made,68,16
spill,68,16
island,68,16
coast,67,16
fight,67,16
well,67,16
think,67,16
area,66,16
every,66,16
today,66,16
killed,65,16
problem,65,16
york,64,16
month,64,16
government,64,16
bird,63,16
shark,62,16
past,62,16
xl,62,16
dead,61,16
next,61,16
family,61,16
science,61,16
stop,61,16
best,61,16
project,60,16
never,60,16
ever,60,16
since,60,16
epa,60,16
major,59,16
united,59,16
end,59,16
must,59,16
issue,59,16
thousand,58,16
let,58,16
real,58,16
arctic,58,16
another,58,16
picture,58,16
official,57,16
group,57,16
emission,56,16
protection,56,16
without,56,16
tornado,56,16
snow,56,16
call,56,16
forest,56,16
live,56,16
threat,55,16
act,55,16
china,55,16
child,55,16
challenge,55,16
effort,55,16
fish,54,16
endangered,54,16
plant,54,16
lion,54,16
level,54,16
policy,54,16
become,54,16
paris,54,16
event,54,16
long,54,16
river,53,16
rescue,53,16
several,53,16
according,53,16
place,53,16
conservation,53,16
impact,53,16
farm,52,16
leader,52,16
high,52,16
business,52,16
land,51,16
washington,51,16
keep,51,16
solar,51,16
winter,51,16
woman,51,16
shelter,51,16
least,51,16
job,51,16
administration,50,16
chemical,50,16
face,50,16
far,50,16
mean,50,16
left,50,16
hope,50,16
fact,50,16
sustainable,50,16
fracking,50,16
kill,49,16
hit,49,16
small,49,16
might,49,16
open,49,16
disaster,49,16
used,49,16
march,49,16
activist,48,16
economy,48,16
cost,48,16
heat,47,16
better,47,16
man,47,16
away,47,16
ice,47,16
step,47,16
yet,47,16
sandy,47,16
number,46,16
system,46,16
use,46,16
west,46,16
already,46,16
set,46,16
network,46,16
waste,45,16
bill,45,16
adorable,45,16
read,45,16
wind,44,16
south,44,16
move,44,16
put,44,16
risk,44,16
political,44,16
ago,44,16
lot,44,16
recent,44,16
north,43,16
billion,43,16
massive,43,16
going,43,16
development,43,16
three,43,16
decade,43,16
cause,42,16
white,42,16
drought,42,16
beach,42,16
popular,42,16
though,42,16
history,42,16
idea,42,16
economic,42,16
sand,42,16
nearly,41,16
got,41,16
car,41,16
war,41,16
support,41,16
give,41,16
making,41,16
ca,41,16
flood,40,16
looking,40,16
federal,40,16
tiger,40,16
recently,40,16
something,40,16
largest,39,16
florida,39,16
resident,39,16
rescued,39,16
owner,39,16
temperature,39,16
talk,39,16
likely,39,16
flooding,38,16
watch,38,16
hundred,38,16
tree,38,16
campaign,38,16
marine,38,16
finally,38,16
line,38,16
local,38,16
image,38,16
school,38,16
really,38,16
house,38,16
important,38,16
free,38,16
include,38,16
research,37,16
season,37,16
toward,37,16
population,37,16
enough,37,16
rise,37,16
near,37,16
source,36,16
ban,36,16
case,36,16
international,36,16
told,36,16
texas,36,16
congress,36,16
bad,36,16
old,36,16
seen,36,16
summer,35,16
law,35,16
friday,35,16
street,35,16
dolphin,35,16
beyond,35,16
reef,35,16
opportunity,35,16
republican,35,16
seaworld,35,16
including,34,16
called,34,16
getting,34,16
growing,34,16
product,34,16
donald,34,16
brought,34,16
living,34,16
panda,34,16
whether,33,16
researcher,33,16
killing,33,16
top,33,16
resource,33,16
cold,33,16
claim,33,16
program,33,16
effect,33,16
le,33,16
headline,33,16
bp,33,16
break,32,16
rain,32,16
service,32,16
together,32,16
known,32,16
capture,32,16
drilling,32,16
reason,32,16
born,32,16
solution,32,16
agreement,32,16
generation,32,16
almost,32,16
point,32,16
alaska,31,16
university,31,16
huge,31,16
turn,31,16
concern,31,16
taking,31,16
clear,31,16
named,31,16
half,31,16
ship,31,16
coral,31,16
gorilla,31,16
east,31,16
region,31,16
took,31,16
governor,31,16
tip,31,16
department,31,16
reality,31,16
renewable,31,16
wo,31,16
behind,31,16
start,31,16
movement,31,16
often,31,16
name,31,16
southern,30,16
toxic,30,16
giant,30,16
site,30,16
mexico,30,16
nothing,30,16
damage,30,16
mountain,30,16
moment,30,16
check,30,16
sustainability,30,16
ground,30,16
working,30,16
gulf,30,16
wrong,30,16
center,29,16
decision,29,16
despite,29,16
came,29,16
blaze,29,16
eye,29,16
friend,29,16
safe,29,16
question,29,16
fighting,29,16
pit,29,16
continue,29,16
young,29,16
medium,29,16
four,29,16
technology,29,16
address,29,16
harvey,29,16
run,29,16
tell,29,16
creature,29,16
court,28,16
cub,28,16
healthy,28,16
believe,28,16
wolf,28,16
key,28,16
condition,28,16
atlantic,28,16
stunning,28,16
mile,28,16
five,28,16
expert,28,16
orangutan,28,16
kid,28,16
side,28,16
heart,28,16
polar,28,16
bull,28,16
